year,state_name,affiliation,sex,students,Proportion of sector,Proportion of state,Proportion of school level
2024,NSW,Government,Male,161794.7,57.1,29.3,39.9
2024,NSW,Government,Female,150656.7,54.6,29.3,40.2
2024,NSW,Government,Persons,312451.4,55.9,29.3,40.0
2024,NSW,Catholic,Male,67457.2,23.8,33.7,49.7
2024,NSW,Catholic,Female,68983.6,25.0,34.0,50.7
2024,NSW,Catholic,Persons,136440.8,24.4,33.8,50.2
2024,NSW,Independent,Male,53936.7,19.0,28.4,53.8
2024,NSW,Independent,Female,56223.4,20.4,28.4,54.6
2024,NSW,Independent,Persons,110160.1,19.7,28.4,54.2
2024,Vic,Government,Male,139631.4,58.3,25.3,40.4
2024,Vic,Government,Female,127607.8,55.0,24.8,40.3
2024,Vic,Government,Persons,267239.2,56.7,25.1,40.4
2024,Vic,Catholic,Male,50636.6,21.1,25.3,47.0
2024,Vic,Catholic,Female,52813.2,22.8,26.0,48.9
2024,Vic,Catholic,Persons,103449.8,21.9,25.6,47.9
2024,Vic,Independent,Male,49190.1,20.5,25.9,58.4
2024,Vic,Independent,Female,51669.9,22.3,26.1,58.4
2024,Vic,Independent,Persons,100860.0,21.4,26.0,58.4
2024,Qld,Government,Male,121885.6,59.4,22.1,41.8
2024,Qld,Government,Female,116700.9,58.5,22.7,42.5
2024,Qld,Government,Persons,238586.5,59.0,22.4,42.1
2024,Qld,Catholic,Male,40605.2,19.8,20.3,49.0
2024,Qld,Catholic,Female,38928.3,19.5,19.2,48.9
2024,Qld,Catholic,Persons,79533.5,19.7,19.7,48.9
2024,Qld,Independent,Male,42792.8,20.8,22.5,56.5
2024,Qld,Independent,Female,43748.4,21.9,22.1,56.9
2024,Qld,Independent,Persons,86541.2,21.4,22.3,56.7
2024,SA,Government,Male,39407.7,59.8,7.1,43.5
2024,SA,Government,Female,36506.7,57.0,7.1,43.5
2024,SA,Government,Persons,75914.4,58.4,7.1,43.5
2024,SA,Catholic,Male,12238.7,18.6,6.1,46.5
2024,SA,Catholic,Female,12928.2,20.2,6.4,48.5
2024,SA,Catholic,Persons,25166.9,19.4,6.2,47.5
2024,SA,Independent,Male,14300.7,21.7,7.5,52.3
2024,SA,Independent,Female,14598.3,22.8,7.4,52.7
2024,SA,Independent,Persons,28899.0,22.2,7.4,52.5
2024,WA,Government,Male,61715.2,59.7,11.2,39.1
2024,WA,Government,Female,56696.3,56.9,11.0,39.0
2024,WA,Government,Persons,118411.5,58.3,11.1,39.1
2024,WA,Catholic,Male,19291.7,18.7,9.6,50.4
2024,WA,Catholic,Female,19392.0,19.5,9.6,50.4
2024,WA,Catholic,Persons,38683.7,19.1,9.6,50.4
2024,WA,Independent,Male,22332.0,21.6,11.7,57.3
2024,WA,Independent,Female,23520.6,23.6,11.9,58.3
2024,WA,Independent,Persons,45852.6,22.6,11.8,57.8
2024,Tas,Government,Male,11622.0,62.5,2.1,42.3
2024,Tas,Government,Female,11007.2,60.1,2.1,42.9
2024,Tas,Government,Persons,22629.2,61.3,2.1,42.6
2024,Tas,Catholic,Male,3832.2,20.6,1.9,49.5
2024,Tas,Catholic,Female,4172.6,22.8,2.1,51.1
2024,Tas,Catholic,Persons,8004.8,21.7,2.0,50.3
2024,Tas,Independent,Male,3154.1,16.9,1.7,55.7
2024,Tas,Independent,Female,3137.2,17.1,1.6,55.5
2024,Tas,Independent,Persons,6291.3,17.0,1.6,55.6
2024,NT,Government,Male,5464.0,65.1,1.0,37.0
2024,NT,Government,Female,5221.7,64.8,1.0,37.4
2024,NT,Government,Persons,10685.7,64.9,1.0,37.2
2024,NT,Catholic,Male,1321.4,15.7,0.7,50.6
2024,NT,Catholic,Female,1232.0,15.3,0.6,48.5
2024,NT,Catholic,Persons,2553.4,15.5,0.6,49.6
2024,NT,Independent,Male,1612.0,19.2,0.8,53.8
2024,NT,Independent,Female,1609.0,20.0,0.8,53.9
2024,NT,Independent,Persons,3221.0,19.6,0.8,53.9
2024,ACT,Government,Male,10263.5,56.5,1.9,42.9
2024,ACT,Government,Female,9403.3,54.6,1.8,42.8
2024,ACT,Government,Persons,19666.8,55.6,1.8,42.9
2024,ACT,Catholic,Male,5038.0,27.7,2.5,50.2
2024,ACT,Catholic,Female,4534.0,26.3,2.2,49.7
2024,ACT,Catholic,Persons,9572.0,27.1,2.4,49.9
2024,ACT,Independent,Male,2857.6,15.7,1.5,50.9
2024,ACT,Independent,Female,3276.8,19.0,1.7,52.5
2024,ACT,Independent,Persons,6134.4,17.3,1.6,51.8
2023,NSW,Government,Male,160774.7,57.7,29.5,39.5
2023,NSW,Government,Female,150617.7,55.5,29.5,39.8
2023,NSW,Government,Persons,311392.4,56.6,29.5,39.6
2023,NSW,Catholic,Male,65956.4,23.7,33.7,49.5
2023,NSW,Catholic,Female,67786.5,25.0,34.1,50.6
2023,NSW,Catholic,Persons,133742.9,24.3,33.9,50.0
2023,NSW,Independent,Male,51972.1,18.6,28.4,53.5
2023,NSW,Independent,Female,53210.8,19.6,28.2,54.2
2023,NSW,Independent,Persons,105182.9,19.1,28.3,53.8
2023,Vic,Government,Male,136569.3,58.5,25.0,40.0
2023,Vic,Government,Female,125732.1,55.4,24.6,40.0
2023,Vic,Government,Persons,262301.4,57.0,24.8,40.0
2023,Vic,Catholic,Male,49496.5,21.2,25.3,46.7
2023,Vic,Catholic,Female,51796.9,22.8,26.1,48.5
2023,Vic,Catholic,Persons,101293.4,22.0,25.7,47.6
2023,Vic,Independent,Male,47216.5,20.2,25.8,58.3
2023,Vic,Independent,Female,49383.1,21.8,26.2,58.3
2023,Vic,Independent,Persons,96599.6,21.0,26.0,58.3
2023,Qld,Government,Male,121643.8,60.1,22.3,41.6
2023,Qld,Government,Female,116849.5,59.4,22.9,42.3
2023,Qld,Government,Persons,238493.3,59.7,22.6,41.9
2023,Qld,Catholic,Male,39628.0,19.6,20.2,48.6
2023,Qld,Catholic,Female,38077.1,19.3,19.2,48.4
2023,Qld,Catholic,Persons,77705.1,19.5,19.7,48.5
2023,Qld,Independent,Male,41115.0,20.3,22.5,56.3
2023,Qld,Independent,Female,41943.3,21.3,22.2,56.7
2023,Qld,Independent,Persons,83058.3,20.8,22.4,56.5
2023,SA,Government,Male,38966.2,60.2,7.1,43.8
2023,SA,Government,Female,36239.9,57.6,7.1,43.9
2023,SA,Government,Persons,75206.1,58.9,7.1,43.8
2023,SA,Catholic,Male,11907.8,18.4,6.1,46.7
2023,SA,Catholic,Female,12473.8,19.8,6.3,48.6
2023,SA,Catholic,Persons,24381.6,19.1,6.2,47.6
2023,SA,Independent,Male,13851.4,21.4,7.6,51.8
2023,SA,Independent,Female,14204.2,22.6,7.5,52.7
2023,SA,Independent,Persons,28055.6,22.0,7.6,52.3
2023,WA,Government,Male,60233.9,59.9,11.0,38.9
2023,WA,Government,Female,55463.0,57.4,10.9,38.7
2023,WA,Government,Persons,115696.9,58.7,11.0,38.8
2023,WA,Catholic,Male,18859.0,18.8,9.6,50.1
2023,WA,Catholic,Female,18815.0,19.5,9.5,49.9
2023,WA,Catholic,Persons,37674.0,19.1,9.6,50.0
2023,WA,Independent,Male,21401.0,21.3,11.7,57.3
2023,WA,Independent,Female,22339.6,23.1,11.8,58.1
2023,WA,Independent,Persons,43740.6,22.2,11.8,57.7
2023,Tas,Government,Male,11748.2,63.5,2.2,42.0
2023,Tas,Government,Female,11249.9,61.7,2.2,42.9
2023,Tas,Government,Persons,22998.1,62.6,2.2,42.5
2023,Tas,Catholic,Male,3705.3,20.0,1.9,49.0
2023,Tas,Catholic,Female,4013.0,22.0,2.0,50.0
2023,Tas,Catholic,Persons,7718.3,21.0,2.0,49.5
2023,Tas,Independent,Male,3048.2,16.5,1.7,54.8
2023,Tas,Independent,Female,2959.4,16.2,1.6,53.5
2023,Tas,Independent,Persons,6007.6,16.4,1.6,54.2
2023,NT,Government,Male,5435.3,66.7,1.0,36.5
2023,NT,Government,Female,5178.9,65.0,1.0,36.6
2023,NT,Government,Persons,10614.2,65.9,1.0,36.6
2023,NT,Catholic,Male,1199.0,14.7,0.6,50.8
2023,NT,Catholic,Female,1192.0,15.0,0.6,48.6
2023,NT,Catholic,Persons,2391.0,14.8,0.6,49.7
2023,NT,Independent,Male,1509.0,18.5,0.8,51.6
2023,NT,Independent,Female,1598.0,20.1,0.8,53.7
2023,NT,Independent,Persons,3107.0,19.3,0.8,52.7
2023,ACT,Government,Male,10089.7,56.8,1.8,41.9
2023,ACT,Government,Female,9258.8,54.9,1.8,42.0
2023,ACT,Government,Persons,19348.5,55.9,1.8,42.0
2023,ACT,Catholic,Male,4962.0,27.9,2.5,50.1
2023,ACT,Catholic,Female,4517.0,26.8,2.3,49.9
2023,ACT,Catholic,Persons,9479.0,27.4,2.4,50.0
2023,ACT,Independent,Male,2725.2,15.3,1.5,49.9
2023,ACT,Independent,Female,3090.1,18.3,1.6,51.0
2023,ACT,Independent,Persons,5815.3,16.8,1.6,50.5
2022,NSW,Government,Male,160271.9,58.3,29.7,39.2
2022,NSW,Government,Female,151300.8,56.4,29.8,39.6
2022,NSW,Government,Persons,311572.7,57.3,29.7,39.4
2022,NSW,Catholic,Male,64863.9,23.6,33.8,49.4
2022,NSW,Catholic,Female,66318.2,24.7,34.1,50.4
2022,NSW,Catholic,Persons,131182.1,24.1,33.9,49.9
2022,NSW,Independent,Male,49904.9,18.1,28.4,53.2
2022,NSW,Independent,Female,50676.2,18.9,28.2,53.9
2022,NSW,Independent,Persons,100581.1,18.5,28.3,53.5
2022,Vic,Government,Male,133327.6,58.6,24.7,39.8
2022,Vic,Government,Female,123489.0,55.7,24.3,39.9
2022,Vic,Government,Persons,256816.6,57.2,24.5,39.8
2022,Vic,Catholic,Male,48912.8,21.5,25.5,46.5
2022,Vic,Catholic,Female,51032.7,23.0,26.2,48.3
2022,Vic,Catholic,Persons,99945.5,22.2,25.9,47.4
2022,Vic,Independent,Male,45344.0,19.9,25.8,58.2
2022,Vic,Independent,Female,47201.4,21.3,26.2,58.3
2022,Vic,Independent,Persons,92545.4,20.6,26.0,58.3
2022,Qld,Government,Male,121710.3,60.9,22.5,41.6
2022,Qld,Government,Female,116435.7,60.1,22.9,42.0
2022,Qld,Government,Persons,238146.0,60.5,22.7,41.8
2022,Qld,Catholic,Male,38660.7,19.4,20.1,48.1
2022,Qld,Catholic,Female,37479.7,19.3,19.3,48.3
2022,Qld,Catholic,Persons,76140.4,19.3,19.7,48.2
2022,Qld,Independent,Male,39394.9,19.7,22.4,55.9
2022,Qld,Independent,Female,39856.1,20.6,22.1,56.3
2022,Qld,Independent,Persons,79251.0,20.1,22.3,56.1
2022,SA,Government,Male,38708.5,60.9,7.2,43.5
2022,SA,Government,Female,36284.1,58.6,7.1,43.8
2022,SA,Government,Persons,74992.6,59.8,7.2,43.6
2022,SA,Catholic,Male,11431.6,18.0,6.0,45.6
2022,SA,Catholic,Female,11934.8,19.3,6.1,47.3
2022,SA,Catholic,Persons,23366.4,18.6,6.0,46.5
2022,SA,Independent,Male,13406.4,21.1,7.6,51.1
2022,SA,Independent,Female,13740.5,22.2,7.6,51.9
2022,SA,Independent,Persons,27146.9,21.6,7.6,51.5
2022,WA,Government,Male,58952.8,60.2,10.9,38.8
2022,WA,Government,Female,54526.6,58.0,10.7,38.7
2022,WA,Government,Persons,113479.4,59.1,10.8,38.8
2022,WA,Catholic,Male,18395.0,18.8,9.6,49.4
2022,WA,Catholic,Female,18304.0,19.5,9.4,49.3
2022,WA,Catholic,Persons,36699.0,19.1,9.5,49.4
2022,WA,Independent,Male,20549.6,21.0,11.7,57.0
2022,WA,Independent,Female,21244.7,22.6,11.8,57.9
2022,WA,Independent,Persons,41794.3,21.8,11.8,57.4
2022,Tas,Government,Male,11903.9,64.4,2.2,41.9
2022,Tas,Government,Female,11519.5,63.0,2.3,43.0
2022,Tas,Government,Persons,23423.4,63.7,2.2,42.4
2022,Tas,Catholic,Male,3638.3,19.7,1.9,48.4
2022,Tas,Catholic,Female,3937.0,21.5,2.0,49.9
2022,Tas,Catholic,Persons,7575.3,20.6,2.0,49.2
2022,Tas,Independent,Male,2929.2,15.9,1.7,54.4
2022,Tas,Independent,Female,2842.4,15.5,1.6,53.4
2022,Tas,Independent,Persons,5771.6,15.7,1.6,53.9
2022,NT,Government,Male,5368.2,65.8,1.0,35.9
2022,NT,Government,Female,5256.4,66.8,1.0,36.6
2022,NT,Government,Persons,10624.6,66.3,1.0,36.2
2022,NT,Catholic,Male,1216.4,14.9,0.6,50.1
2022,NT,Catholic,Female,1105.0,14.0,0.6,46.8
2022,NT,Catholic,Persons,2321.4,14.5,0.6,48.5
2022,NT,Independent,Male,1569.0,19.2,0.9,53.7
2022,NT,Independent,Female,1512.0,19.2,0.8,51.4
2022,NT,Independent,Persons,3081.0,19.2,0.9,52.5
2022,ACT,Government,Male,9875.4,57.2,1.8,41.1
2022,ACT,Government,Female,9033.7,54.9,1.8,40.7
2022,ACT,Government,Persons,18909.1,56.1,1.8,40.9
2022,ACT,Catholic,Male,4831.0,28.0,2.5,49.5
2022,ACT,Catholic,Female,4515.2,27.4,2.3,50.2
2022,ACT,Catholic,Persons,9346.2,27.7,2.4,49.8
2022,ACT,Independent,Male,2572.1,14.9,1.5,49.6
2022,ACT,Independent,Female,2902.6,17.6,1.6,50.8
2022,ACT,Independent,Persons,5474.7,16.2,1.5,50.2
2021,NSW,Government,Male,161191.7,58.9,30.3,38.9
2021,NSW,Government,Female,152805.7,57.4,30.4,39.4
2021,NSW,Government,Persons,313997.4,58.2,30.3,39.1
2021,NSW,Catholic,Male,64064.4,23.4,33.9,49.3
2021,NSW,Catholic,Female,65109.7,24.4,34.1,50.1
2021,NSW,Catholic,Persons,129174.1,23.9,34.0,49.7
2021,NSW,Independent,Male,48186.7,17.6,28.3,53.0
2021,NSW,Independent,Female,48449.7,18.2,28.1,53.6
2021,NSW,Independent,Persons,96636.4,17.9,28.2,53.3
2021,Vic,Government,Male,132121.2,58.7,24.8,39.5
2021,Vic,Government,Female,122824.8,56.0,24.5,39.6
2021,Vic,Government,Persons,254946.0,57.4,24.6,39.6
2021,Vic,Catholic,Male,48776.4,21.7,25.8,46.3
2021,Vic,Catholic,Female,50718.3,23.1,26.5,48.0
2021,Vic,Catholic,Persons,99494.7,22.4,26.2,47.2
2021,Vic,Independent,Male,44158.2,19.6,25.9,58.3
2021,Vic,Independent,Female,45777.9,20.9,26.5,58.3
2021,Vic,Independent,Persons,89936.1,20.2,26.2,58.3
2021,Qld,Government,Male,121288.1,61.5,22.8,41.2
2021,Qld,Government,Female,115596.5,60.8,23.0,41.4
2021,Qld,Government,Persons,236884.6,61.1,22.9,41.3
2021,Qld,Catholic,Male,37764.5,19.1,20.0,47.6
2021,Qld,Catholic,Female,36611.9,19.3,19.2,47.7
2021,Qld,Catholic,Persons,74376.4,19.2,19.6,47.7
2021,Qld,Independent,Male,38289.3,19.4,22.5,56.1
2021,Qld,Independent,Female,37899.1,19.9,22.0,56.0
2021,Qld,Independent,Persons,76188.4,19.7,22.2,56.0
2021,SA,Government,Male,32106.5,57.4,6.0,35.7
2021,SA,Government,Female,30300.2,55.3,6.0,36.2
2021,SA,Government,Persons,62406.7,56.3,6.0,36.0
2021,SA,Catholic,Male,10889.2,19.5,5.8,45.1
2021,SA,Catholic,Female,11334.8,20.7,5.9,46.9
2021,SA,Catholic,Persons,22224.0,20.1,5.8,46.0
2021,SA,Independent,Male,12954.7,23.2,7.6,50.3
2021,SA,Independent,Female,13184.4,24.1,7.6,50.9
2021,SA,Independent,Persons,26139.1,23.6,7.6,50.6
2021,WA,Government,Male,58636.1,60.6,11.0,38.7
2021,WA,Government,Female,54812.0,58.9,10.9,38.8
2021,WA,Government,Persons,113448.1,59.8,11.0,38.8
2021,WA,Catholic,Male,18047.0,18.7,9.5,49.1
2021,WA,Catholic,Female,17920.0,19.3,9.4,49.0
2021,WA,Catholic,Persons,35967.0,19.0,9.5,49.0
2021,WA,Independent,Male,20023.2,20.7,11.7,57.2
2021,WA,Independent,Female,20263.1,21.8,11.7,57.4
2021,WA,Independent,Persons,40286.3,21.2,11.7,57.3
2021,Tas,Government,Male,11974.1,65.0,2.2,41.9
2021,Tas,Government,Female,11646.9,63.7,2.3,42.8
2021,Tas,Government,Persons,23621.0,64.3,2.3,42.3
2021,Tas,Catholic,Male,3592.0,19.5,1.9,47.8
2021,Tas,Catholic,Female,3846.9,21.0,2.0,49.7
2021,Tas,Catholic,Persons,7438.9,20.3,2.0,48.8
2021,Tas,Independent,Male,2864.0,15.5,1.7,54.7
2021,Tas,Independent,Female,2793.4,15.3,1.6,54.0
2021,Tas,Independent,Persons,5657.4,15.4,1.6,54.3
2021,NT,Government,Male,5546.0,67.5,1.0,36.1
2021,NT,Government,Female,5419.5,67.4,1.1,37.0
2021,NT,Government,Persons,10965.5,67.4,1.1,36.5
2021,NT,Catholic,Male,1213.0,14.8,0.6,49.7
2021,NT,Catholic,Female,1178.0,14.6,0.6,49.0
2021,NT,Catholic,Persons,2391.0,14.7,0.6,49.4
2021,NT,Independent,Male,1460.0,17.8,0.9,52.5
2021,NT,Independent,Female,1445.0,18.0,0.8,51.0
2021,NT,Independent,Persons,2905.0,17.9,0.8,51.7
2021,ACT,Government,Male,9673.4,57.4,1.8,40.4
2021,ACT,Government,Female,8910.9,55.1,1.8,40.2
2021,ACT,Government,Persons,18584.3,56.3,1.8,40.3
2021,ACT,Catholic,Male,4696.0,27.9,2.5,48.7
2021,ACT,Catholic,Female,4417.0,27.3,2.3,49.7
2021,ACT,Catholic,Persons,9113.0,27.6,2.4,49.2
2021,ACT,Independent,Male,2486.9,14.8,1.5,49.3
2021,ACT,Independent,Female,2835.0,17.5,1.6,50.8
2021,ACT,Independent,Persons,5321.9,16.1,1.6,50.1
2020,NSW,Government,Male,161699.5,59.6,30.6,38.7
2020,NSW,Government,Female,153842.3,58.3,30.8,39.2
2020,NSW,Government,Persons,315541.8,58.9,30.7,39.0
2020,NSW,Catholic,Male,63274.2,23.3,33.9,49.2
2020,NSW,Catholic,Female,64061.4,24.3,34.1,49.9
2020,NSW,Catholic,Persons,127335.6,23.8,34.0,49.5
2020,NSW,Independent,Male,46539.7,17.1,28.3,53.1
2020,NSW,Independent,Female,46085.6,17.5,27.7,53.3
2020,NSW,Independent,Persons,92625.3,17.3,28.0,53.2
2020,Vic,Government,Male,130511.6,58.8,24.7,39.1
2020,Vic,Government,Female,121424.1,56.1,24.3,39.3
2020,Vic,Government,Persons,251935.7,57.5,24.5,39.2
2020,Vic,Catholic,Male,48438.6,21.8,26.0,46.0
2020,Vic,Catholic,Female,50152.9,23.2,26.7,47.5
2020,Vic,Catholic,Persons,98591.5,22.5,26.3,46.7
2020,Vic,Independent,Male,43191.2,19.4,26.2,58.4
2020,Vic,Independent,Female,44787.4,20.7,26.9,58.2
2020,Vic,Independent,Persons,87978.6,20.1,26.6,58.3
2020,Qld,Government,Male,119017.1,61.8,22.5,40.5
2020,Qld,Government,Female,114047.8,61.3,22.8,40.9
2020,Qld,Government,Persons,233064.9,61.6,22.7,40.7
2020,Qld,Catholic,Male,37139.3,19.3,19.9,47.5
2020,Qld,Catholic,Female,35870.1,19.3,19.1,47.5
2020,Qld,Catholic,Persons,73009.4,19.3,19.5,47.5
2020,Qld,Independent,Male,36456.0,18.9,22.1,55.7
2020,Qld,Independent,Female,36094.1,19.4,21.7,55.8
2020,Qld,Independent,Persons,72550.1,19.2,21.9,55.7
2020,SA,Government,Male,32039.3,57.9,6.1,35.2
2020,SA,Government,Female,30406.9,56.0,6.1,35.7
2020,SA,Government,Persons,62446.2,56.9,6.1,35.4
2020,SA,Catholic,Male,10634.9,19.2,5.7,45.9
2020,SA,Catholic,Female,11174.5,20.6,5.9,48.1
2020,SA,Catholic,Persons,21809.4,19.9,5.8,47.0
2020,SA,Independent,Male,12634.5,22.8,7.7,50.3
2020,SA,Independent,Female,12765.0,23.5,7.7,50.9
2020,SA,Independent,Persons,25399.5,23.2,7.7,50.6
2020,WA,Government,Male,58037.2,61.1,11.0,38.7
2020,WA,Government,Female,54093.1,59.2,10.8,38.6
2020,WA,Government,Persons,112130.3,60.1,10.9,38.7
2020,WA,Catholic,Male,17715.0,18.6,9.5,48.9
2020,WA,Catholic,Female,17723.0,19.4,9.4,49.2
2020,WA,Catholic,Persons,35438.0,19.0,9.5,49.0
2020,WA,Independent,Male,19306.0,20.3,11.7,57.4
2020,WA,Independent,Female,19622.1,21.5,11.8,58.0
2020,WA,Independent,Persons,38928.1,20.9,11.8,57.7
2020,Tas,Government,Male,11981.6,65.7,2.3,41.2
2020,Tas,Government,Female,11629.2,64.5,2.3,42.0
2020,Tas,Government,Persons,23610.8,65.1,2.3,41.6
2020,Tas,Catholic,Male,3536.3,19.4,1.9,47.9
2020,Tas,Catholic,Female,3738.8,20.7,2.0,48.8
2020,Tas,Catholic,Persons,7275.1,20.1,1.9,48.4
2020,Tas,Independent,Male,2710.7,14.9,1.6,54.3
2020,Tas,Independent,Female,2652.6,14.7,1.6,53.3
2020,Tas,Independent,Persons,5363.3,14.8,1.6,53.8
2020,NT,Government,Male,5598.5,67.8,1.1,36.1
2020,NT,Government,Female,5475.3,67.7,1.1,37.0
2020,NT,Government,Persons,11073.8,67.8,1.1,36.5
2020,NT,Catholic,Male,1247.5,15.1,0.7,51.6
2020,NT,Catholic,Female,1155.9,14.3,0.6,48.8
2020,NT,Catholic,Persons,2403.4,14.7,0.6,50.2
2020,NT,Independent,Male,1415.0,17.1,0.9,51.0
2020,NT,Independent,Female,1452.0,18.0,0.9,51.4
2020,NT,Independent,Persons,2867.0,17.5,0.9,51.2
2020,ACT,Government,Male,9470.6,57.5,1.8,40.0
2020,ACT,Government,Female,8770.3,55.4,1.8,40.1
2020,ACT,Government,Persons,18240.9,56.4,1.8,40.1
2020,ACT,Catholic,Male,4611.0,28.0,2.5,48.8
2020,ACT,Catholic,Female,4238.0,26.8,2.3,48.6
2020,ACT,Catholic,Persons,8849.0,27.4,2.4,48.7
2020,ACT,Independent,Male,2403.0,14.6,1.5,48.6
2020,ACT,Independent,Female,2824.2,17.8,1.7,51.8
2020,ACT,Independent,Persons,5227.2,16.2,1.6,50.3
2019,NSW,Government,Male,158533.1,59.5,31.0,38.2
2019,NSW,Government,Female,151401.7,58.5,31.2,38.7
2019,NSW,Government,Persons,309934.8,59.0,31.1,38.5
2019,NSW,Catholic,Male,62713.7,23.5,34.3,49.0
2019,NSW,Catholic,Female,62827.6,24.3,34.5,49.4
2019,NSW,Catholic,Persons,125541.3,23.9,34.4,49.2
2019,NSW,Independent,Male,45334.8,17.0,28.5,52.6
2019,NSW,Independent,Female,44705.6,17.3,27.9,53.0
2019,NSW,Independent,Persons,90040.4,17.1,28.2,52.8
2019,Vic,Government,Male,126602.4,58.6,24.8,38.6
2019,Vic,Government,Female,118359.2,56.1,24.4,38.9
2019,Vic,Government,Persons,244961.6,57.4,24.6,38.7
2019,Vic,Catholic,Male,47598.1,22.0,26.0,45.5
2019,Vic,Catholic,Female,49280.2,23.4,27.0,47.0
2019,Vic,Catholic,Persons,96878.3,22.7,26.5,46.2
2019,Vic,Independent,Male,41786.9,19.3,26.2,57.9
2019,Vic,Independent,Female,43378.4,20.6,27.1,58.0
2019,Vic,Independent,Persons,85165.3,19.9,26.6,57.9
2019,Qld,Government,Male,112328.8,61.6,22.0,39.0
2019,Qld,Government,Female,106846.9,61.3,22.0,39.3
2019,Qld,Government,Persons,219175.7,61.5,22.0,39.1
2019,Qld,Catholic,Male,35581.1,19.5,19.5,46.7
2019,Qld,Catholic,Female,33420.5,19.2,18.3,45.8
2019,Qld,Catholic,Persons,69001.6,19.4,18.9,46.3
2019,Qld,Independent,Male,34476.8,18.9,21.6,55.0
2019,Qld,Independent,Female,33923.4,19.5,21.2,54.8
2019,Qld,Independent,Persons,68400.2,19.2,21.4,54.9
2019,SA,Government,Male,31622.2,58.6,6.2,34.8
2019,SA,Government,Female,30332.5,57.1,6.3,35.5
2019,SA,Government,Persons,61954.7,57.8,6.2,35.1
2019,SA,Catholic,Male,10164.3,18.8,5.6,44.4
2019,SA,Catholic,Female,10367.4,19.5,5.7,45.4
2019,SA,Catholic,Persons,20531.7,19.2,5.6,44.9
2019,SA,Independent,Male,12220.0,22.6,7.7,49.4
2019,SA,Independent,Female,12404.1,23.4,7.7,50.2
2019,SA,Independent,Persons,24624.1,23.0,7.7,49.8
2019,WA,Government,Male,55605.9,60.3,10.9,37.8
2019,WA,Government,Female,52336.6,58.8,10.8,38.0
2019,WA,Government,Persons,107942.5,59.6,10.8,37.9
2019,WA,Catholic,Male,17642.0,19.1,9.6,48.8
2019,WA,Catholic,Female,17587.0,19.8,9.6,48.9
2019,WA,Catholic,Persons,35229.0,19.4,9.6,48.8
2019,WA,Independent,Male,18981.3,20.6,11.9,57.3
2019,WA,Independent,Female,19054.6,21.4,11.9,57.4
2019,WA,Independent,Persons,38035.9,21.0,11.9,57.4
2019,Tas,Government,Male,11796.0,65.8,2.3,40.6
2019,Tas,Government,Female,11448.2,64.8,2.4,41.2
2019,Tas,Government,Persons,23244.2,65.3,2.3,40.9
2019,Tas,Catholic,Male,3476.0,19.4,1.9,47.4
2019,Tas,Catholic,Female,3668.3,20.8,2.0,48.3
2019,Tas,Catholic,Persons,7144.3,20.1,2.0,47.9
2019,Tas,Independent,Male,2654.0,14.8,1.7,53.9
2019,Tas,Independent,Female,2559.0,14.5,1.6,53.4
2019,Tas,Independent,Persons,5213.0,14.6,1.6,53.7
2019,NT,Government,Male,5372.9,66.3,1.1,35.2
2019,NT,Government,Female,5308.9,66.9,1.1,36.4
2019,NT,Government,Persons,10681.8,66.6,1.1,35.8
2019,NT,Catholic,Male,1242.0,15.3,0.7,50.3
2019,NT,Catholic,Female,1140.8,14.4,0.6,48.0
2019,NT,Catholic,Persons,2382.8,14.9,0.7,49.2
2019,NT,Independent,Male,1486.4,18.3,0.9,50.8
2019,NT,Independent,Female,1486.0,18.7,0.9,50.6
2019,NT,Independent,Persons,2972.4,18.5,0.9,50.7
2019,ACT,Government,Male,9149.0,57.1,1.8,40.0
2019,ACT,Government,Female,8586.7,55.6,1.8,40.2
2019,ACT,Government,Persons,17735.7,56.4,1.8,40.1
2019,ACT,Catholic,Male,4478.0,28.0,2.4,48.4
2019,ACT,Catholic,Female,4076.0,26.4,2.2,47.9
2019,ACT,Catholic,Persons,8554.0,27.2,2.3,48.1
2019,ACT,Independent,Male,2391.0,14.9,1.5,48.5
2019,ACT,Independent,Female,2767.9,17.9,1.7,51.0
2019,ACT,Independent,Persons,5158.9,16.4,1.6,49.8
2018,NSW,Government,Male,155680.1,59.3,31.2,38.0
2018,NSW,Government,Female,149204.1,58.6,31.5,38.5
2018,NSW,Government,Persons,304884.2,59.0,31.3,38.2
2018,NSW,Catholic,Male,62474.2,23.8,34.6,48.8
2018,NSW,Catholic,Female,62300.2,24.5,34.7,49.1
2018,NSW,Catholic,Persons,124774.4,24.1,34.6,48.9
2018,NSW,Independent,Male,44193.9,16.8,28.8,52.5
2018,NSW,Independent,Female,43184.4,17.0,28.0,53.0
2018,NSW,Independent,Persons,87378.3,16.9,28.4,52.7
2018,Vic,Government,Male,123565.4,58.4,24.7,38.4
2018,Vic,Government,Female,115095.4,55.8,24.3,38.6
2018,Vic,Government,Persons,238660.8,57.1,24.5,38.5
2018,Vic,Catholic,Male,47287.4,22.3,26.2,45.3
2018,Vic,Catholic,Female,48824.4,23.7,27.2,46.8
2018,Vic,Catholic,Persons,96111.8,23.0,26.7,46.0
2018,Vic,Independent,Male,40879.7,19.3,26.6,58.2
2018,Vic,Independent,Female,42289.6,20.5,27.4,57.9
2018,Vic,Independent,Persons,83169.3,19.9,27.0,58.0
2018,Qld,Government,Male,109275.9,61.7,21.9,38.5
2018,Qld,Government,Female,103979.7,61.2,21.9,38.9
2018,Qld,Government,Persons,213255.6,61.5,21.9,38.7
2018,Qld,Catholic,Male,34937.5,19.7,19.4,46.6
2018,Qld,Catholic,Female,33066.6,19.5,18.4,45.8
2018,Qld,Catholic,Persons,68004.1,19.6,18.9,46.2
2018,Qld,Independent,Male,32880.2,18.6,21.4,54.2
2018,Qld,Independent,Female,32805.1,19.3,21.3,54.6
2018,Qld,Independent,Persons,65685.3,18.9,21.4,54.4
2018,SA,Government,Male,30986.2,61.4,6.2,34.6
2018,SA,Government,Female,29938.6,60.3,6.3,35.4
2018,SA,Government,Persons,60924.8,60.9,6.3,35.0
2018,SA,Catholic,Male,9059.9,18.0,5.0,39.6
2018,SA,Catholic,Female,9210.0,18.6,5.1,40.8
2018,SA,Catholic,Persons,18269.9,18.3,5.1,40.2
2018,SA,Independent,Male,10399.0,20.6,6.8,42.5
2018,SA,Independent,Female,10479.6,21.1,6.8,43.0
2018,SA,Independent,Persons,20878.6,20.9,6.8,42.8
2018,WA,Government,Male,54239.5,60.1,10.9,37.4
2018,WA,Government,Female,50810.2,58.4,10.7,37.5
2018,WA,Government,Persons,105049.7,59.3,10.8,37.4
2018,WA,Catholic,Male,17523.0,19.4,9.7,48.6
2018,WA,Catholic,Female,17427.7,20.0,9.7,48.7
2018,WA,Catholic,Persons,34950.7,19.7,9.7,48.6
2018,WA,Independent,Male,18542.2,20.5,12.1,57.0
2018,WA,Independent,Female,18705.9,21.5,12.1,57.0
2018,WA,Independent,Persons,37248.1,21.0,12.1,57.0
2018,Tas,Government,Male,11848.6,66.2,2.4,40.7
2018,Tas,Government,Female,11316.5,64.8,2.4,40.9
2018,Tas,Government,Persons,23165.1,65.5,2.4,40.8
2018,Tas,Catholic,Male,3493.0,19.5,1.9,47.5
2018,Tas,Catholic,Female,3663.6,21.0,2.0,48.7
2018,Tas,Catholic,Persons,7156.6,20.2,2.0,48.1
2018,Tas,Independent,Male,2570.0,14.3,1.7,53.3
2018,Tas,Independent,Female,2481.3,14.2,1.6,54.4
2018,Tas,Independent,Persons,5051.3,14.3,1.6,53.8
2018,NT,Government,Male,5245.0,65.2,1.0,34.7
2018,NT,Government,Female,5132.7,65.2,1.1,35.3
2018,NT,Government,Persons,10377.7,65.2,1.1,35.0
2018,NT,Catholic,Male,1231.0,15.3,0.7,50.5
2018,NT,Catholic,Female,1149.9,14.6,0.6,48.8
2018,NT,Catholic,Persons,2380.9,15.0,0.7,49.7
2018,NT,Independent,Male,1566.0,19.5,1.0,51.2
2018,NT,Independent,Female,1587.3,20.2,1.0,51.7
2018,NT,Independent,Persons,3153.3,19.8,1.0,51.5
2018,ACT,Government,Male,8875.4,56.5,1.8,39.9
2018,ACT,Government,Female,8467.1,55.8,1.8,40.4
2018,ACT,Government,Persons,17342.5,56.2,1.8,40.2
2018,ACT,Catholic,Male,4432.0,28.2,2.5,47.6
2018,ACT,Catholic,Female,4063.0,26.8,2.3,47.9
2018,ACT,Catholic,Persons,8495.0,27.5,2.4,47.7
2018,ACT,Independent,Male,2394.8,15.3,1.6,50.0
2018,ACT,Independent,Female,2631.3,17.4,1.7,51.1
2018,ACT,Independent,Persons,5026.1,16.3,1.6,50.6
2017,NSW,Government,Male,155188.9,59.3,31.4,38.2
2017,NSW,Government,Female,149120.9,58.9,31.8,38.7
2017,NSW,Government,Persons,304309.8,59.1,31.6,38.5
2017,NSW,Catholic,Male,63132.8,24.1,34.8,48.9
2017,NSW,Catholic,Female,62074.9,24.5,34.5,48.9
2017,NSW,Catholic,Persons,125207.7,24.3,34.7,48.9
2017,NSW,Independent,Male,43241.9,16.5,28.7,52.4
2017,NSW,Independent,Female,42148.9,16.6,27.9,53.3
2017,NSW,Independent,Persons,85390.8,16.6,28.3,52.9
2017,Vic,Government,Male,121299.6,58.2,24.5,38.6
2017,Vic,Government,Female,113102.5,55.7,24.2,38.8
2017,Vic,Government,Persons,234402.1,56.9,24.4,38.7
2017,Vic,Catholic,Male,47345.8,22.7,26.1,45.4
2017,Vic,Catholic,Female,48715.5,24.0,27.1,46.7
2017,Vic,Catholic,Persons,96061.3,23.3,26.6,46.0
2017,Vic,Independent,Male,39861.5,19.1,26.4,58.3
2017,Vic,Independent,Female,41376.1,20.4,27.4,58.3
2017,Vic,Independent,Persons,81237.6,19.7,26.9,58.3
2017,Qld,Government,Male,106972.0,61.3,21.6,38.3
2017,Qld,Government,Female,101624.9,60.9,21.7,38.6
2017,Qld,Government,Persons,208596.9,61.1,21.7,38.4
2017,Qld,Catholic,Male,34766.5,19.9,19.2,46.6
2017,Qld,Catholic,Female,32845.4,19.7,18.3,45.6
2017,Qld,Catholic,Persons,67611.9,19.8,18.7,46.1
2017,Qld,Independent,Male,32630.5,18.7,21.6,54.5
2017,Qld,Independent,Female,32301.3,19.4,21.4,54.6
2017,Qld,Independent,Persons,64931.8,19.0,21.5,54.6
2017,SA,Government,Male,31350.9,61.6,6.3,35.3
2017,SA,Government,Female,29990.3,60.2,6.4,35.8
2017,SA,Government,Persons,61341.2,60.9,6.4,35.6
2017,SA,Catholic,Male,9318.3,18.3,5.1,40.5
2017,SA,Catholic,Female,9611.0,19.3,5.3,42.2
2017,SA,Catholic,Persons,18929.3,18.8,5.2,41.4
2017,SA,Independent,Male,10246.3,20.1,6.8,43.2
2017,SA,Independent,Female,10221.8,20.5,6.8,43.3
2017,SA,Independent,Persons,20468.1,20.3,6.8,43.2
2017,WA,Government,Male,53524.5,59.9,10.8,37.4
2017,WA,Government,Female,49797.4,58.0,10.6,37.4
2017,WA,Government,Persons,103321.9,59.0,10.7,37.4
2017,WA,Catholic,Male,17504.0,19.6,9.7,48.5
2017,WA,Catholic,Female,17468.2,20.4,9.7,48.6
2017,WA,Catholic,Persons,34972.2,20.0,9.7,48.5
2017,WA,Independent,Male,18370.3,20.5,12.2,57.1
2017,WA,Independent,Female,18559.1,21.6,12.3,57.0
2017,WA,Independent,Persons,36929.4,21.1,12.2,57.1
2017,Tas,Government,Male,11842.0,66.3,2.4,40.5
2017,Tas,Government,Female,11110.8,64.3,2.4,40.7
2017,Tas,Government,Persons,22952.8,65.3,2.4,40.6
2017,Tas,Catholic,Male,3511.0,19.6,1.9,47.8
2017,Tas,Catholic,Female,3740.8,21.6,2.1,48.7
2017,Tas,Catholic,Persons,7251.8,20.6,2.0,48.2
2017,Tas,Independent,Male,2520.8,14.1,1.7,52.9
2017,Tas,Independent,Female,2435.0,14.1,1.6,54.0
2017,Tas,Independent,Persons,4955.8,14.1,1.6,53.5
2017,NT,Government,Male,5527.0,66.0,1.1,35.5
2017,NT,Government,Female,5178.6,64.7,1.1,35.0
2017,NT,Government,Persons,10705.6,65.4,1.1,35.3
2017,NT,Catholic,Male,1216.0,14.5,0.7,47.8
2017,NT,Catholic,Female,1184.5,14.8,0.7,49.0
2017,NT,Catholic,Persons,2400.5,14.7,0.7,48.4
2017,NT,Independent,Male,1629.5,19.5,1.1,52.6
2017,NT,Independent,Female,1645.0,20.5,1.1,52.7
2017,NT,Independent,Persons,3274.5,20.0,1.1,52.7
2017,ACT,Government,Male,8668.6,55.8,1.8,40.3
2017,ACT,Government,Female,8314.3,55.8,1.8,41.0
2017,ACT,Government,Persons,16982.9,55.8,1.8,40.6
2017,ACT,Catholic,Male,4447.0,28.6,2.5,47.8
2017,ACT,Catholic,Female,4074.0,27.3,2.3,48.1
2017,ACT,Catholic,Persons,8521.0,28.0,2.4,47.9
2017,ACT,Independent,Male,2424.0,15.6,1.6,50.6
2017,ACT,Independent,Female,2521.6,16.9,1.7,51.1
2017,ACT,Independent,Persons,4945.6,16.2,1.6,50.9
2016,NSW,Government,Male,154600.0,59.4,31.6,38.6
2016,NSW,Government,Female,148901.9,59.0,32.1,39.2
2016,NSW,Government,Persons,303501.9,59.2,31.9,38.9
2016,NSW,Catholic,Male,63305.4,24.3,34.9,49.1
2016,NSW,Catholic,Female,62235.8,24.7,34.5,49.0
2016,NSW,Catholic,Persons,125541.2,24.5,34.7,49.0
2016,NSW,Independent,Male,42431.4,16.3,28.6,52.7
2016,NSW,Independent,Female,41103.8,16.3,27.8,53.4
2016,NSW,Independent,Persons,83535.2,16.3,28.2,53.0
2016,Vic,Government,Male,119480.6,58.2,24.4,39.0
2016,Vic,Government,Female,111335.5,55.7,24.0,39.2
2016,Vic,Government,Persons,230816.1,57.0,24.2,39.1
2016,Vic,Catholic,Male,47298.9,23.1,26.1,45.5
2016,Vic,Catholic,Female,48681.0,24.3,27.0,46.8
2016,Vic,Catholic,Persons,95979.9,23.7,26.5,46.2
2016,Vic,Independent,Male,38420.3,18.7,25.9,58.1
2016,Vic,Independent,Female,39914.7,20.0,27.0,58.3
2016,Vic,Independent,Persons,78335.0,19.3,26.4,58.2
2016,Qld,Government,Male,105255.9,61.2,21.5,38.2
2016,Qld,Government,Female,99932.0,60.8,21.6,38.6
2016,Qld,Government,Persons,205187.9,61.0,21.5,38.4
2016,Qld,Catholic,Male,34690.4,20.2,19.1,46.8
2016,Qld,Catholic,Female,32745.8,19.9,18.1,45.6
2016,Qld,Catholic,Persons,67436.2,20.0,18.6,46.2
2016,Qld,Independent,Male,32151.4,18.7,21.7,54.5
2016,Qld,Independent,Female,31709.5,19.3,21.4,54.3
2016,Qld,Independent,Persons,63860.9,19.0,21.5,54.4
2016,SA,Government,Male,31462.0,61.5,6.4,35.7
2016,SA,Government,Female,30135.0,60.0,6.5,36.4
2016,SA,Government,Persons,61597.0,60.8,6.5,36.1
2016,SA,Catholic,Male,9466.1,18.5,5.2,40.3
2016,SA,Catholic,Female,9908.4,19.7,5.5,42.5
2016,SA,Catholic,Persons,19374.5,19.1,5.4,41.4
2016,SA,Independent,Male,10263.0,20.0,6.9,43.4
2016,SA,Independent,Female,10153.7,20.2,6.9,43.1
2016,SA,Independent,Persons,20416.7,20.1,6.9,43.2
2016,WA,Government,Male,52485.5,59.3,10.7,37.4
2016,WA,Government,Female,48835.8,57.4,10.5,37.4
2016,WA,Government,Persons,101321.3,58.4,10.6,37.4
2016,WA,Catholic,Male,17552.0,19.8,9.7,48.6
2016,WA,Catholic,Female,17796.0,20.9,9.9,49.4
2016,WA,Catholic,Persons,35348.0,20.4,9.8,49.0
2016,WA,Independent,Male,18439.7,20.8,12.4,56.9
2016,WA,Independent,Female,18433.3,21.7,12.5,56.6
2016,WA,Independent,Persons,36873.0,21.2,12.4,56.8
2016,Tas,Government,Male,12086.2,66.6,2.5,41.4
2016,Tas,Government,Female,11301.2,64.7,2.4,41.6
2016,Tas,Government,Persons,23387.4,65.7,2.5,41.5
2016,Tas,Catholic,Male,3541.0,19.5,2.0,48.0
2016,Tas,Catholic,Female,3712.0,21.3,2.1,48.5
2016,Tas,Catholic,Persons,7253.0,20.4,2.0,48.2
2016,Tas,Independent,Male,2524.7,13.9,1.7,53.8
2016,Tas,Independent,Female,2455.0,14.1,1.7,54.7
2016,Tas,Independent,Persons,4979.7,14.0,1.7,54.2
2016,NT,Government,Male,5299.7,64.4,1.1,35.1
2016,NT,Government,Female,4971.3,62.5,1.1,34.7
2016,NT,Government,Persons,10271.0,63.5,1.1,34.9
2016,NT,Catholic,Male,1233.2,15.0,0.7,45.8
2016,NT,Catholic,Female,1201.6,15.1,0.7,48.2
2016,NT,Catholic,Persons,2434.8,15.0,0.7,47.0
2016,NT,Independent,Male,1690.1,20.6,1.1,53.1
2016,NT,Independent,Female,1784.0,22.4,1.2,54.5
2016,NT,Independent,Persons,3474.1,21.5,1.2,53.8
2016,ACT,Government,Male,8378.6,54.9,1.7,40.6
2016,ACT,Government,Female,8195.9,55.3,1.8,41.8
2016,ACT,Government,Persons,16574.5,55.1,1.7,41.2
2016,ACT,Catholic,Male,4433.0,29.1,2.4,47.7
2016,ACT,Catholic,Female,4151.0,28.0,2.3,48.6
2016,ACT,Catholic,Persons,8584.0,28.5,2.4,48.1
2016,ACT,Independent,Male,2437.0,16.0,1.6,51.6
2016,ACT,Independent,Female,2472.0,16.7,1.7,51.6
2016,ACT,Independent,Persons,4909.0,16.3,1.7,51.6
2015,NSW,Government,Male,155025.4,59.7,31.8,39.1
2015,NSW,Government,Female,149137.7,59.3,32.3,39.7
2015,NSW,Government,Persons,304163.1,59.5,32.1,39.4
2015,NSW,Catholic,Male,63134.1,24.3,34.9,48.9
2015,NSW,Catholic,Female,62100.3,24.7,34.4,49.1
2015,NSW,Catholic,Persons,125234.4,24.5,34.7,49.0
2015,NSW,Independent,Male,41354.6,15.9,28.2,52.5
2015,NSW,Independent,Female,40120.4,16.0,27.5,53.3
2015,NSW,Independent,Persons,81475.0,15.9,27.8,52.9
2015,Vic,Government,Male,118178.9,58.2,24.3,39.5
2015,Vic,Government,Female,109591.7,55.6,23.8,39.5
2015,Vic,Government,Persons,227770.6,56.9,24.0,39.5
2015,Vic,Catholic,Male,46861.3,23.1,25.9,45.4
2015,Vic,Catholic,Female,48350.9,24.5,26.8,46.8
2015,Vic,Catholic,Persons,95212.2,23.8,26.4,46.1
2015,Vic,Independent,Male,37898.1,18.7,25.8,58.4
2015,Vic,Independent,Female,39145.5,19.9,26.8,58.5
2015,Vic,Independent,Persons,77043.6,19.3,26.3,58.4
2015,Qld,Government,Male,104505.5,61.1,21.5,38.5
2015,Qld,Government,Female,98818.4,60.6,21.4,39.0
2015,Qld,Government,Persons,203323.9,60.9,21.4,38.7
2015,Qld,Catholic,Male,34594.5,20.2,19.1,46.8
2015,Qld,Catholic,Female,32691.7,20.1,18.1,45.7
2015,Qld,Catholic,Persons,67286.2,20.1,18.6,46.3
2015,Qld,Independent,Male,31847.8,18.6,21.7,54.3
2015,Qld,Independent,Female,31489.6,19.3,21.6,54.4
2015,Qld,Independent,Persons,63337.4,19.0,21.6,54.3
2015,SA,Government,Male,31229.4,60.9,6.4,36.0
2015,SA,Government,Female,30192.3,59.8,6.5,36.9
2015,SA,Government,Persons,61421.7,60.4,6.5,36.5
2015,SA,Catholic,Male,9736.7,19.0,5.4,40.5
2015,SA,Catholic,Female,10155.4,20.1,5.6,42.7
2015,SA,Catholic,Persons,19892.1,19.6,5.5,41.6
2015,SA,Independent,Male,10302.6,20.1,7.0,43.8
2015,SA,Independent,Female,10119.8,20.1,6.9,43.1
2015,SA,Independent,Persons,20422.4,20.1,7.0,43.5
2015,WA,Government,Male,52220.4,59.2,10.7,37.7
2015,WA,Government,Female,48895.7,57.3,10.6,37.9
2015,WA,Government,Persons,101116.1,58.3,10.7,37.8
2015,WA,Catholic,Male,17526.0,19.9,9.7,48.9
2015,WA,Catholic,Female,17871.9,21.0,9.9,49.7
2015,WA,Catholic,Persons,35397.9,20.4,9.8,49.3
2015,WA,Independent,Male,18538.1,21.0,12.6,56.7
2015,WA,Independent,Female,18513.8,21.7,12.7,56.6
2015,WA,Independent,Persons,37051.9,21.3,12.7,56.6
2015,Tas,Government,Male,12300.2,67.2,2.5,42.2
2015,Tas,Government,Female,11634.0,65.5,2.5,42.5
2015,Tas,Government,Persons,23934.2,66.4,2.5,42.4
2015,Tas,Catholic,Male,3500.0,19.1,1.9,47.8
2015,Tas,Catholic,Female,3678.0,20.7,2.0,48.5
2015,Tas,Catholic,Persons,7178.0,19.9,2.0,48.2
2015,Tas,Independent,Male,2507.1,13.7,1.7,53.7
2015,Tas,Independent,Female,2448.6,13.8,1.7,53.9
2015,Tas,Independent,Persons,4955.7,13.7,1.7,53.8
2015,NT,Government,Male,5285.4,63.6,1.1,35.7
2015,NT,Government,Female,4938.4,62.1,1.1,35.1
2015,NT,Government,Persons,10223.8,62.9,1.1,35.4
2015,NT,Catholic,Male,1194.0,14.4,0.7,45.2
2015,NT,Catholic,Female,1168.0,14.7,0.6,46.9
2015,NT,Catholic,Persons,2362.0,14.5,0.7,46.0
2015,NT,Independent,Male,1827.0,22.0,1.2,56.4
2015,NT,Independent,Female,1849.0,23.2,1.3,56.1
2015,NT,Independent,Persons,3676.0,22.6,1.3,56.2
2015,ACT,Government,Male,8094.2,54.1,1.7,41.1
2015,ACT,Government,Female,8129.6,55.0,1.8,42.7
2015,ACT,Government,Persons,16223.8,54.5,1.7,41.9
2015,ACT,Catholic,Male,4457.0,29.8,2.5,48.0
2015,ACT,Catholic,Female,4253.5,28.8,2.4,48.5
2015,ACT,Catholic,Persons,8710.5,29.3,2.4,48.2
2015,ACT,Independent,Male,2420.5,16.2,1.7,51.8
2015,ACT,Independent,Female,2398.0,16.2,1.6,52.1
2015,ACT,Independent,Persons,4818.5,16.2,1.6,52.0
2014,NSW,Government,Male,155657.1,60.2,33.7,39.7
2014,NSW,Government,Female,149910.6,59.8,34.2,40.3
2014,NSW,Government,Persons,305567.7,60.0,33.9,40.0
2014,NSW,Catholic,Male,62710.8,24.2,36.6,48.9
2014,NSW,Catholic,Female,61731.2,24.6,35.9,49.1
2014,NSW,Catholic,Persons,124442.0,24.4,36.2,49.0
2014,NSW,Independent,Male,40396.3,15.6,29.6,52.3
2014,NSW,Independent,Female,39096.1,15.6,28.5,53.2
2014,NSW,Independent,Persons,79492.4,15.6,29.1,52.8
2014,Vic,Government,Male,117183.1,58.4,25.3,39.9
2014,Vic,Government,Female,108143.6,55.5,24.7,39.8
2014,Vic,Government,Persons,225326.7,57.0,25.0,39.9
2014,Vic,Catholic,Male,46358.5,23.1,27.0,45.4
2014,Vic,Catholic,Female,48205.7,24.7,28.0,46.9
2014,Vic,Catholic,Persons,94564.2,23.9,27.5,46.2
2014,Vic,Independent,Male,37141.5,18.5,27.2,58.5
2014,Vic,Independent,Female,38553.0,19.8,28.1,59.0
2014,Vic,Independent,Persons,75694.5,19.1,27.7,58.8
2014,Qld,Government,Male,91320.2,61.5,19.7,34.1
2014,Qld,Government,Female,87552.0,60.7,20.0,35.0
2014,Qld,Government,Persons,178872.2,61.1,19.9,34.5
2014,Qld,Catholic,Male,29737.2,20.0,17.4,40.9
2014,Qld,Catholic,Female,28759.4,19.9,16.7,40.9
2014,Qld,Catholic,Persons,58496.6,20.0,17.0,40.9
2014,Qld,Independent,Male,27457.1,18.5,20.1,47.7
2014,Qld,Independent,Female,27950.6,19.4,20.4,48.7
2014,Qld,Independent,Persons,55407.7,18.9,20.2,48.2
2014,SA,Government,Male,31142.1,60.9,6.7,36.3
2014,SA,Government,Female,29861.6,59.3,6.8,37.1
2014,SA,Government,Persons,61003.7,60.1,6.8,36.7
2014,SA,Catholic,Male,9914.9,19.4,5.8,40.8
2014,SA,Catholic,Female,10391.9,20.6,6.0,42.9
2014,SA,Catholic,Persons,20306.8,20.0,5.9,41.9
2014,SA,Independent,Male,10111.4,19.8,7.4,43.8
2014,SA,Independent,Female,10098.4,20.1,7.4,43.4
2014,SA,Independent,Persons,20209.8,19.9,7.4,43.6
2014,WA,Government,Male,41365.1,59.3,8.9,30.7
2014,WA,Government,Female,37869.3,57.0,8.6,30.4
2014,WA,Government,Persons,79234.4,58.2,8.8,30.6
2014,WA,Catholic,Male,13652.2,19.6,8.0,39.4
2014,WA,Catholic,Female,13850.0,20.9,8.1,39.9
2014,WA,Catholic,Persons,27502.2,20.2,8.0,39.7
2014,WA,Independent,Male,14694.6,21.1,10.8,45.9
2014,WA,Independent,Female,14703.1,22.1,10.7,46.1
2014,WA,Independent,Persons,29397.7,21.6,10.7,46.0
2014,Tas,Government,Male,12408.8,67.3,2.7,42.5
2014,Tas,Government,Female,11876.1,65.9,2.7,43.3
2014,Tas,Government,Persons,24284.9,66.6,2.7,42.9
2014,Tas,Catholic,Male,3494.4,18.9,2.0,48.0
2014,Tas,Catholic,Female,3659.0,20.3,2.1,48.5
2014,Tas,Catholic,Persons,7153.4,19.6,2.1,48.2
2014,Tas,Independent,Male,2541.9,13.8,1.9,54.4
2014,Tas,Independent,Female,2476.3,13.7,1.8,54.2
2014,Tas,Independent,Persons,5018.2,13.8,1.8,54.3
2014,NT,Government,Male,5475.9,65.8,1.2,36.2
2014,NT,Government,Female,5078.9,63.8,1.2,35.4
2014,NT,Government,Persons,10554.8,64.8,1.2,35.8
2014,NT,Catholic,Male,1090.0,13.1,0.6,42.6
2014,NT,Catholic,Female,1106.2,13.9,0.6,44.4
2014,NT,Catholic,Persons,2196.2,13.5,0.6,43.5
2014,NT,Independent,Male,1751.9,21.1,1.3,56.8
2014,NT,Independent,Female,1778.0,22.3,1.3,57.0
2014,NT,Independent,Persons,3529.9,21.7,1.3,56.9
2014,ACT,Government,Male,7967.6,53.6,1.7,41.8
2014,ACT,Government,Female,7928.8,54.3,1.8,43.4
2014,ACT,Government,Persons,15896.4,53.9,1.8,42.6
2014,ACT,Catholic,Male,4425.0,29.8,2.6,48.0
2014,ACT,Catholic,Female,4261.0,29.2,2.5,48.5
2014,ACT,Catholic,Persons,8686.0,29.5,2.5,48.3
2014,ACT,Independent,Male,2460.3,16.6,1.8,52.7
2014,ACT,Independent,Female,2423.0,16.6,1.8,52.9
2014,ACT,Independent,Persons,4883.3,16.6,1.8,52.8
2013,NSW,Government,Male,155967.0,60.7,33.7,40.2
2013,NSW,Government,Female,150619.7,60.3,34.4,41.0
2013,NSW,Government,Persons,306586.7,60.5,34.1,40.6
2013,NSW,Catholic,Male,61743.9,24.0,36.6,48.7
2013,NSW,Catholic,Female,60863.2,24.4,35.8,48.9
2013,NSW,Catholic,Persons,122607.1,24.2,36.2,48.8
2013,NSW,Independent,Male,39411.9,15.3,29.2,52.2
2013,NSW,Independent,Female,38397.3,15.4,28.3,53.4
2013,NSW,Independent,Persons,77809.2,15.3,28.8,52.8
2013,Vic,Government,Male,116604.8,58.5,25.2,40.5
2013,Vic,Government,Female,107690.4,55.7,24.6,40.4
2013,Vic,Government,Persons,224295.2,57.1,24.9,40.4
2013,Vic,Catholic,Male,45644.0,22.9,27.0,45.4
2013,Vic,Catholic,Female,47767.5,24.7,28.1,47.1
2013,Vic,Catholic,Persons,93411.5,23.8,27.6,46.3
2013,Vic,Independent,Male,36975.6,18.6,27.4,59.5
2013,Vic,Independent,Female,37891.2,19.6,28.0,59.2
2013,Vic,Independent,Persons,74866.8,19.1,27.7,59.4
2013,Qld,Government,Male,91112.3,61.8,19.7,34.6
2013,Qld,Government,Female,87398.3,60.8,20.0,35.5
2013,Qld,Government,Persons,178510.6,61.3,19.8,35.0
2013,Qld,Catholic,Male,29124.7,19.8,17.3,40.6
2013,Qld,Catholic,Female,28377.5,19.8,16.7,40.9
2013,Qld,Catholic,Persons,57502.2,19.8,17.0,40.8
2013,Qld,Independent,Male,27169.9,18.4,20.1,48.0
2013,Qld,Independent,Female,27858.1,19.4,20.6,48.9
2013,Qld,Independent,Persons,55028.0,18.9,20.3,48.4
2013,SA,Government,Male,31671.9,61.4,6.9,36.6
2013,SA,Government,Female,29767.1,59.2,6.8,36.8
2013,SA,Government,Persons,61439.0,60.3,6.8,36.7
2013,SA,Catholic,Male,9961.3,19.3,5.9,41.0
2013,SA,Catholic,Female,10393.6,20.7,6.1,42.7
2013,SA,Catholic,Persons,20354.9,20.0,6.0,41.8
2013,SA,Independent,Male,9956.4,19.3,7.4,43.5
2013,SA,Independent,Female,10107.5,20.1,7.5,43.6
2013,SA,Independent,Persons,20063.9,19.7,7.4,43.6
2013,WA,Government,Male,40769.9,59.2,8.8,30.9
2013,WA,Government,Female,37357.2,56.8,8.5,30.6
2013,WA,Government,Persons,78127.1,58.0,8.7,30.8
2013,WA,Catholic,Male,13406.0,19.5,7.9,39.3
2013,WA,Catholic,Female,13829.0,21.0,8.1,40.2
2013,WA,Catholic,Persons,27235.0,20.2,8.0,39.7
2013,WA,Independent,Male,14729.6,21.4,10.9,46.5
2013,WA,Independent,Female,14624.5,22.2,10.8,46.3
2013,WA,Independent,Persons,29354.1,21.8,10.8,46.4
2013,Tas,Government,Male,12643.4,67.6,2.7,43.4
2013,Tas,Government,Female,12038.6,66.5,2.7,44.0
2013,Tas,Government,Persons,24682.0,67.1,2.7,43.7
2013,Tas,Catholic,Male,3513.0,18.8,2.1,48.2
2013,Tas,Catholic,Female,3643.2,20.1,2.1,48.7
2013,Tas,Catholic,Persons,7156.2,19.4,2.1,48.4
2013,Tas,Independent,Male,2543.7,13.6,1.9,54.7
2013,Tas,Independent,Female,2426.9,13.4,1.8,54.1
2013,Tas,Independent,Persons,4970.6,13.5,1.8,54.4
2013,NT,Government,Male,5534.9,66.4,1.2,36.4
2013,NT,Government,Female,5051.2,63.9,1.2,35.4
2013,NT,Government,Persons,10586.1,65.2,1.2,36.0
2013,NT,Catholic,Male,1004.9,12.0,0.6,41.3
2013,NT,Catholic,Female,1008.0,12.8,0.6,42.3
2013,NT,Catholic,Persons,2012.9,12.4,0.6,41.8
2013,NT,Independent,Male,1801.1,21.6,1.3,58.1
2013,NT,Independent,Female,1841.6,23.3,1.4,58.8
2013,NT,Independent,Persons,3642.7,22.4,1.3,58.5
2013,ACT,Government,Male,7927.0,53.7,1.7,42.7
2013,ACT,Government,Female,7869.7,54.0,1.8,44.1
2013,ACT,Government,Persons,15796.7,53.8,1.8,43.4
2013,ACT,Catholic,Male,4422.0,29.9,2.6,48.6
2013,ACT,Catholic,Female,4308.9,29.6,2.5,49.6
2013,ACT,Catholic,Persons,8730.9,29.8,2.6,49.1
2013,ACT,Independent,Male,2425.7,16.4,1.8,53.0
2013,ACT,Independent,Female,2388.0,16.4,1.8,52.2
2013,ACT,Independent,Persons,4813.7,16.4,1.8,52.6
2012,NSW,Government,Male,156386.4,61.3,34.0,40.7
2012,NSW,Government,Female,151298.7,60.8,34.5,41.5
2012,NSW,Government,Persons,307685.1,61.1,34.3,41.1
2012,NSW,Catholic,Male,60538.1,23.7,36.5,48.5
2012,NSW,Catholic,Female,60078.0,24.1,35.8,49.0
2012,NSW,Catholic,Persons,120616.1,23.9,36.2,48.7
2012,NSW,Independent,Male,38089.5,14.9,28.8,52.0
2012,NSW,Independent,Female,37419.2,15.0,27.9,53.4
2012,NSW,Independent,Persons,75508.7,15.0,28.4,52.7
2012,Vic,Government,Male,115965.1,58.8,25.2,41.0
2012,Vic,Government,Female,108360.1,56.2,24.7,41.2
2012,Vic,Government,Persons,224325.2,57.5,25.0,41.1
2012,Vic,Catholic,Male,44866.4,22.7,27.1,45.6
2012,Vic,Catholic,Female,46844.1,24.3,27.9,47.1
2012,Vic,Catholic,Persons,91710.5,23.5,27.5,46.4
2012,Vic,Independent,Male,36480.8,18.5,27.6,59.9
2012,Vic,Independent,Female,37773.5,19.6,28.2,59.7
2012,Vic,Independent,Persons,74254.3,19.0,27.9,59.8
2012,Qld,Government,Male,89635.9,61.9,19.5,34.7
2012,Qld,Government,Female,86719.3,61.0,19.8,35.8
2012,Qld,Government,Persons,176355.2,61.4,19.6,35.2
2012,Qld,Catholic,Male,28408.4,19.6,17.1,40.3
2012,Qld,Catholic,Female,27929.3,19.6,16.7,41.2
2012,Qld,Catholic,Persons,56337.7,19.6,16.9,40.7
2012,Qld,Independent,Male,26721.6,18.5,20.2,48.2
2012,Qld,Independent,Female,27590.4,19.4,20.6,49.2
2012,Qld,Independent,Persons,54312.0,18.9,20.4,48.7
2012,SA,Government,Male,31436.7,61.3,6.8,36.6
2012,SA,Government,Female,30107.4,59.5,6.9,37.3
2012,SA,Government,Persons,61544.1,60.4,6.9,37.0
2012,SA,Catholic,Male,9989.7,19.5,6.0,41.3
2012,SA,Catholic,Female,10320.8,20.4,6.2,42.6
2012,SA,Catholic,Persons,20310.5,19.9,6.1,42.0
2012,SA,Independent,Male,9859.2,19.2,7.5,43.5
2012,SA,Independent,Female,10193.4,20.1,7.6,44.3
2012,SA,Independent,Persons,20052.6,19.7,7.5,43.9
2012,WA,Government,Male,39546.1,58.7,8.6,31.1
2012,WA,Government,Female,36516.0,56.6,8.3,30.9
2012,WA,Government,Persons,76062.1,57.7,8.5,31.0
2012,WA,Catholic,Male,13277.0,19.7,8.0,39.3
2012,WA,Catholic,Female,13596.0,21.1,8.1,40.1
2012,WA,Catholic,Persons,26873.0,20.4,8.1,39.7
2012,WA,Independent,Male,14550.2,21.6,11.0,47.0
2012,WA,Independent,Female,14359.0,22.3,10.7,46.6
2012,WA,Independent,Persons,28909.2,21.9,10.9,46.8
2012,Tas,Government,Male,13179.1,68.8,2.9,44.3
2012,Tas,Government,Female,12654.3,67.2,2.9,45.2
2012,Tas,Government,Persons,25833.4,68.0,2.9,44.8
2012,Tas,Catholic,Male,3438.0,17.9,2.1,47.7
2012,Tas,Catholic,Female,3698.0,19.7,2.2,49.8
2012,Tas,Catholic,Persons,7136.0,18.8,2.1,48.8
2012,Tas,Independent,Male,2541.5,13.3,1.9,55.1
2012,Tas,Independent,Female,2465.2,13.1,1.8,55.6
2012,Tas,Independent,Persons,5006.7,13.2,1.9,55.3
2012,NT,Government,Male,5619.6,68.6,1.2,36.9
2012,NT,Government,Female,5037.8,65.4,1.1,35.4
2012,NT,Government,Persons,10657.4,67.1,1.2,36.2
2012,NT,Catholic,Male,911.0,11.1,0.5,38.9
2012,NT,Catholic,Female,905.1,11.8,0.5,39.6
2012,NT,Catholic,Persons,1816.1,11.4,0.5,39.2
2012,NT,Independent,Male,1662.0,20.3,1.3,57.7
2012,NT,Independent,Female,1756.1,22.8,1.3,58.4
2012,NT,Independent,Persons,3418.1,21.5,1.3,58.1
2012,ACT,Government,Male,8040.3,54.5,1.7,43.9
2012,ACT,Government,Female,7599.6,53.1,1.7,43.9
2012,ACT,Government,Persons,15639.9,53.8,1.7,43.9
2012,ACT,Catholic,Male,4325.0,29.3,2.6,48.6
2012,ACT,Catholic,Female,4325.0,30.2,2.6,50.3
2012,ACT,Catholic,Persons,8650.0,29.8,2.6,49.5
2012,ACT,Independent,Male,2375.7,16.1,1.8,52.9
2012,ACT,Independent,Female,2400.0,16.8,1.8,52.6
2012,ACT,Independent,Persons,4775.7,16.4,1.8,52.7
2011,NSW,Government,Male,157385.6,62.0,34.2,41.1
2011,NSW,Government,Female,152405.7,61.3,34.7,42.0
2011,NSW,Government,Persons,309791.3,61.7,34.5,41.6
2011,NSW,Catholic,Male,59242.5,23.3,36.5,48.3
2011,NSW,Catholic,Female,59373.6,23.9,35.9,49.0
2011,NSW,Catholic,Persons,118616.1,23.6,36.2,48.6
2011,NSW,Independent,Male,37189.1,14.7,28.4,52.1
2011,NSW,Independent,Female,36697.3,14.8,27.7,53.3
2011,NSW,Independent,Persons,73886.4,14.7,28.0,52.7
2011,Vic,Government,Male,116350.5,59.2,25.3,41.5
2011,Vic,Government,Female,108920.6,56.5,24.8,41.7
2011,Vic,Government,Persons,225271.1,57.9,25.1,41.6
2011,Vic,Catholic,Male,43846.1,22.3,27.0,45.6
2011,Vic,Catholic,Female,46049.8,23.9,27.8,47.1
2011,Vic,Catholic,Persons,89895.9,23.1,27.4,46.4
2011,Vic,Independent,Male,36442.2,18.5,27.8,60.6
2011,Vic,Independent,Female,37775.8,19.6,28.5,60.4
2011,Vic,Independent,Persons,74218.0,19.1,28.2,60.5
2011,Qld,Government,Male,89502.7,62.2,19.5,35.3
2011,Qld,Government,Female,85971.6,61.1,19.6,36.1
2011,Qld,Government,Persons,175474.3,61.7,19.5,35.7
2011,Qld,Catholic,Male,27736.9,19.3,17.1,40.4
2011,Qld,Catholic,Female,27499.3,19.5,16.6,41.5
2011,Qld,Catholic,Persons,55236.2,19.4,16.8,40.9
2011,Qld,Independent,Male,26660.3,18.5,20.4,49.0
2011,Qld,Independent,Female,27235.9,19.4,20.5,49.7
2011,Qld,Independent,Persons,53896.2,18.9,20.5,49.3
2011,SA,Government,Male,31472.2,61.6,6.8,36.9
2011,SA,Government,Female,30562.7,60.2,7.0,37.9
2011,SA,Government,Persons,62034.9,60.9,6.9,37.4
2011,SA,Catholic,Male,9840.7,19.3,6.1,40.8
2011,SA,Catholic,Female,10164.4,20.0,6.1,42.3
2011,SA,Catholic,Persons,20005.1,19.6,6.1,41.6
2011,SA,Independent,Male,9772.7,19.1,7.5,43.9
2011,SA,Independent,Female,10030.9,19.8,7.6,44.4
2011,SA,Independent,Persons,19803.6,19.4,7.5,44.1
2011,WA,Government,Male,38622.3,58.5,8.4,31.4
2011,WA,Government,Female,35640.1,56.2,8.1,31.2
2011,WA,Government,Persons,74262.4,57.4,8.3,31.3
2011,WA,Catholic,Male,13160.0,19.9,8.1,39.5
2011,WA,Catholic,Female,13453.0,21.2,8.1,40.0
2011,WA,Catholic,Persons,26613.0,20.6,8.1,39.7
2011,WA,Independent,Male,14255.1,21.6,10.9,47.1
2011,WA,Independent,Female,14328.1,22.6,10.8,47.4
2011,WA,Independent,Persons,28583.2,22.1,10.8,47.2
2011,Tas,Government,Male,13332.0,69.2,2.9,44.3
2011,Tas,Government,Female,12799.3,67.1,2.9,45.2
2011,Tas,Government,Persons,26131.3,68.2,2.9,44.7
2011,Tas,Catholic,Male,3343.6,17.4,2.1,47.2
2011,Tas,Catholic,Female,3752.0,19.7,2.3,49.9
2011,Tas,Catholic,Persons,7095.6,18.5,2.2,48.6
2011,Tas,Independent,Male,2578.4,13.4,2.0,56.2
2011,Tas,Independent,Female,2530.2,13.3,1.9,56.0
2011,Tas,Independent,Persons,5108.6,13.3,1.9,56.1
2011,NT,Government,Male,5628.1,68.7,1.2,37.3
2011,NT,Government,Female,4975.3,66.1,1.1,35.4
2011,NT,Government,Persons,10603.4,67.5,1.2,36.4
2011,NT,Catholic,Male,935.0,11.4,0.6,40.6
2011,NT,Catholic,Female,884.0,11.7,0.5,39.2
2011,NT,Catholic,Persons,1819.0,11.6,0.6,39.9
2011,NT,Independent,Male,1632.0,19.9,1.2,58.2
2011,NT,Independent,Female,1664.2,22.1,1.3,57.6
2011,NT,Independent,Persons,3296.2,21.0,1.3,57.9
2011,ACT,Government,Male,7831.1,54.1,1.7,44.4
2011,ACT,Government,Female,7625.4,53.1,1.7,44.9
2011,ACT,Government,Persons,15456.5,53.6,1.7,44.7
2011,ACT,Catholic,Male,4295.0,29.7,2.6,49.0
2011,ACT,Catholic,Female,4338.3,30.2,2.6,51.2
2011,ACT,Catholic,Persons,8633.3,29.9,2.6,50.1
2011,ACT,Independent,Male,2346.0,16.2,1.8,52.7
2011,ACT,Independent,Female,2410.0,16.8,1.8,52.9
2011,ACT,Independent,Persons,4756.0,16.5,1.8,52.8
2010,NSW,Government,Male,157304.9,62.4,34.1,41.4
2010,NSW,Government,Female,152776.3,61.8,34.7,42.2
2010,NSW,Government,Persons,310081.2,62.1,34.4,41.8
2010,NSW,Catholic,Male,58278.2,23.1,36.6,48.0
2010,NSW,Catholic,Female,58497.2,23.7,35.8,48.9
2010,NSW,Catholic,Persons,116775.4,23.4,36.2,48.5
2010,NSW,Independent,Male,36479.8,14.5,28.1,52.2
2010,NSW,Independent,Female,35782.6,14.5,27.2,53.1
2010,NSW,Independent,Persons,72262.4,14.5,27.7,52.6
2010,Vic,Government,Male,116728.9,59.6,25.3,41.8
2010,Vic,Government,Female,109901.1,56.9,24.9,42.2
2010,Vic,Government,Persons,226630.0,58.2,25.1,42.0
2010,Vic,Catholic,Male,42947.8,21.9,26.9,45.5
2010,Vic,Catholic,Female,45692.2,23.6,27.9,47.5
2010,Vic,Catholic,Persons,88640.0,22.8,27.4,46.5
2010,Vic,Independent,Male,36233.7,18.5,27.9,61.1
2010,Vic,Independent,Female,37615.3,19.5,28.6,60.9
2010,Vic,Independent,Persons,73849.0,19.0,28.3,61.0
2010,Qld,Government,Male,89569.0,62.5,19.4,35.6
2010,Qld,Government,Female,86071.3,61.4,19.5,36.3
2010,Qld,Government,Persons,175640.3,62.0,19.5,36.0
2010,Qld,Catholic,Male,27238.3,19.0,17.1,40.6
2010,Qld,Catholic,Female,27031.0,19.3,16.5,41.8
2010,Qld,Catholic,Persons,54269.3,19.1,16.8,41.2
2010,Qld,Independent,Male,26490.0,18.5,20.4,49.3
2010,Qld,Independent,Female,27040.4,19.3,20.6,50.2
2010,Qld,Independent,Persons,53530.4,18.9,20.5,49.8
2010,SA,Government,Male,31737.9,62.1,6.9,37.2
2010,SA,Government,Female,30597.9,60.3,6.9,38.0
2010,SA,Government,Persons,62335.8,61.2,6.9,37.6
2010,SA,Catholic,Male,9297.8,18.2,5.8,39.6
2010,SA,Catholic,Female,9984.8,19.7,6.1,41.9
2010,SA,Catholic,Persons,19282.6,18.9,6.0,40.8
2010,SA,Independent,Male,10043.7,19.7,7.7,44.9
2010,SA,Independent,Female,10147.8,20.0,7.7,45.1
2010,SA,Independent,Persons,20191.5,19.8,7.7,45.0
2010,WA,Government,Male,38708.6,58.8,8.4,31.8
2010,WA,Government,Female,35648.2,56.2,8.1,31.6
2010,WA,Government,Persons,74356.8,57.5,8.3,31.7
2010,WA,Catholic,Male,13015.0,19.8,8.2,39.4
2010,WA,Catholic,Female,13448.0,21.2,8.2,40.3
2010,WA,Catholic,Persons,26463.0,20.5,8.2,39.9
2010,WA,Independent,Male,14082.8,21.4,10.9,48.2
2010,WA,Independent,Female,14321.1,22.6,10.9,49.1
2010,WA,Independent,Persons,28403.9,22.0,10.9,48.7
2010,Tas,Government,Male,13139.4,69.1,2.9,43.7
2010,Tas,Government,Female,12877.0,67.4,2.9,45.2
2010,Tas,Government,Persons,26016.4,68.2,2.9,44.5
2010,Tas,Catholic,Male,3274.6,17.2,2.1,47.0
2010,Tas,Catholic,Female,3693.4,19.3,2.3,49.3
2010,Tas,Catholic,Persons,6968.0,18.3,2.2,48.2
2010,Tas,Independent,Male,2603.4,13.7,2.0,56.9
2010,Tas,Independent,Female,2541.0,13.3,1.9,56.4
2010,Tas,Independent,Persons,5144.4,13.5,2.0,56.7
2010,NT,Government,Male,5551.3,68.4,1.2,36.8
2010,NT,Government,Female,5071.1,66.5,1.2,36.2
2010,NT,Government,Persons,10622.4,67.5,1.2,36.5
2010,NT,Catholic,Male,1003.0,12.4,0.6,42.2
2010,NT,Catholic,Female,953.0,12.5,0.6,40.2
2010,NT,Catholic,Persons,1956.0,12.4,0.6,41.2
2010,NT,Independent,Male,1556.5,19.2,1.2,57.4
2010,NT,Independent,Female,1599.6,21.0,1.2,57.3
2010,NT,Independent,Persons,3156.1,20.1,1.2,57.3
2010,ACT,Government,Male,7889.6,54.4,1.7,44.7
2010,ACT,Government,Female,7682.3,53.8,1.7,45.6
2010,ACT,Government,Persons,15571.9,54.1,1.7,45.1
2010,ACT,Catholic,Male,4333.0,29.9,2.7,48.9
2010,ACT,Catholic,Female,4266.4,29.9,2.6,50.0
2010,ACT,Catholic,Persons,8599.4,29.9,2.7,49.5
2010,ACT,Independent,Male,2283.1,15.7,1.8,54.3
2010,ACT,Independent,Female,2340.0,16.4,1.8,54.6
2010,ACT,Independent,Persons,4623.1,16.1,1.8,54.5
2009,NSW,Government,Male,154889.1,62.2,33.6,41.1
2009,NSW,Government,Female,150940.7,61.8,34.2,42.0
2009,NSW,Government,Persons,305829.8,62.0,33.9,41.5
2009,NSW,Catholic,Male,57760.5,23.2,36.6,47.9
2009,NSW,Catholic,Female,57855.7,23.7,35.6,48.7
2009,NSW,Catholic,Persons,115616.2,23.4,36.1,48.3
2009,NSW,Independent,Male,36332.5,14.6,28.0,52.4
2009,NSW,Independent,Female,35583.2,14.6,27.1,53.2
2009,NSW,Independent,Persons,71915.7,14.6,27.6,52.8
2009,Vic,Government,Male,116476.1,59.8,25.3,41.8
2009,Vic,Government,Female,109845.7,57.1,24.9,42.2
2009,Vic,Government,Persons,226321.8,58.5,25.1,42.0
2009,Vic,Catholic,Male,42361.5,21.7,26.9,45.5
2009,Vic,Catholic,Female,45112.7,23.5,27.7,47.6
2009,Vic,Catholic,Persons,87474.2,22.6,27.3,46.5
2009,Vic,Independent,Male,36083.7,18.5,27.8,61.6
2009,Vic,Independent,Female,37270.4,19.4,28.4,61.4
2009,Vic,Independent,Persons,73354.1,18.9,28.1,61.5
2009,Qld,Government,Male,89629.9,63.3,19.4,35.8
2009,Qld,Government,Female,85790.2,61.7,19.4,36.3
2009,Qld,Government,Persons,175420.1,62.5,19.4,36.0
2009,Qld,Catholic,Male,26028.8,18.4,16.5,40.2
2009,Qld,Catholic,Female,26658.3,19.2,16.4,42.0
2009,Qld,Catholic,Persons,52687.1,18.8,16.4,41.1
2009,Qld,Independent,Male,25936.6,18.3,20.0,49.5
2009,Qld,Independent,Female,26655.5,19.2,20.3,50.4
2009,Qld,Independent,Persons,52592.1,18.7,20.2,49.9
2009,SA,Government,Male,31261.7,61.9,6.8,36.7
2009,SA,Government,Female,30185.6,60.2,6.8,37.6
2009,SA,Government,Persons,61447.3,61.1,6.8,37.1
2009,SA,Catholic,Male,9300.7,18.4,5.9,39.8
2009,SA,Catholic,Female,9883.0,19.7,6.1,41.4
2009,SA,Catholic,Persons,19183.7,19.1,6.0,40.6
2009,SA,Independent,Male,9921.0,19.7,7.7,45.3
2009,SA,Independent,Female,10044.4,20.0,7.7,45.5
2009,SA,Independent,Persons,19965.4,19.8,7.7,45.4
2009,WA,Government,Male,42387.6,59.8,9.2,34.9
2009,WA,Government,Female,39288.0,57.1,8.9,35.0
2009,WA,Government,Persons,81675.6,58.5,9.1,34.9
2009,WA,Catholic,Male,13737.0,19.4,8.7,42.3
2009,WA,Catholic,Female,14412.0,21.0,8.9,43.8
2009,WA,Catholic,Persons,28149.0,20.2,8.8,43.0
2009,WA,Independent,Male,14768.0,20.8,11.4,51.9
2009,WA,Independent,Female,15078.0,21.9,11.5,52.5
2009,WA,Independent,Persons,29846.0,21.4,11.4,52.2
2009,Tas,Government,Male,12983.7,68.3,2.8,43.2
2009,Tas,Government,Female,12745.1,67.4,2.9,44.6
2009,Tas,Government,Persons,25728.8,67.9,2.9,43.9
2009,Tas,Catholic,Male,3222.1,17.0,2.0,46.6
2009,Tas,Catholic,Female,3558.0,18.8,2.2,49.0
2009,Tas,Catholic,Persons,6780.1,17.9,2.1,47.8
2009,Tas,Independent,Male,2792.5,14.7,2.2,59.0
2009,Tas,Independent,Female,2610.3,13.8,2.0,57.6
2009,Tas,Independent,Persons,5402.8,14.3,2.1,58.3
2009,NT,Government,Male,5369.9,68.3,1.2,36.4
2009,NT,Government,Female,5058.0,67.2,1.1,36.5
2009,NT,Government,Persons,10427.9,67.8,1.2,36.4
2009,NT,Catholic,Male,981.0,12.5,0.6,41.5
2009,NT,Catholic,Female,937.0,12.4,0.6,39.4
2009,NT,Catholic,Persons,1918.0,12.5,0.6,40.5
2009,NT,Independent,Male,1513.2,19.2,1.2,57.2
2009,NT,Independent,Female,1532.4,20.4,1.2,58.2
2009,NT,Independent,Persons,3045.6,19.8,1.2,57.7
2009,ACT,Government,Male,7932.9,54.6,1.7,45.3
2009,ACT,Government,Female,7549.7,53.7,1.7,44.9
2009,ACT,Government,Persons,15482.6,54.2,1.7,45.1
2009,ACT,Catholic,Male,4315.0,29.7,2.7,48.6
2009,ACT,Catholic,Female,4188.4,29.8,2.6,49.6
2009,ACT,Catholic,Persons,8503.4,29.8,2.7,49.1
2009,ACT,Independent,Male,2272.0,15.6,1.8,56.0
2009,ACT,Independent,Female,2319.0,16.5,1.8,55.7
2009,ACT,Independent,Persons,4591.0,16.1,1.8,55.8
2008,NSW,Government,Male,154743.6,62.3,34.0,41.1
2008,NSW,Government,Female,150978.1,61.9,34.3,42.0
2008,NSW,Government,Persons,305721.7,62.1,34.1,41.6
2008,NSW,Catholic,Male,57286.4,23.1,36.7,47.7
2008,NSW,Catholic,Female,57466.2,23.6,35.8,48.4
2008,NSW,Catholic,Persons,114752.6,23.3,36.3,48.0
2008,NSW,Independent,Male,36271.2,14.6,28.5,52.7
2008,NSW,Independent,Female,35558.8,14.6,27.5,53.5
2008,NSW,Independent,Persons,71830.0,14.6,28.0,53.1
2008,Vic,Government,Male,115133.4,59.7,25.3,41.6
2008,Vic,Government,Female,110288.3,57.5,25.0,42.5
2008,Vic,Government,Persons,225421.7,58.6,25.2,42.0
2008,Vic,Catholic,Male,41890.5,21.7,26.8,45.5
2008,Vic,Catholic,Female,44491.0,23.2,27.7,47.5
2008,Vic,Catholic,Persons,86381.5,22.5,27.3,46.5
2008,Vic,Independent,Male,35771.8,18.6,28.1,61.8
2008,Vic,Independent,Female,36982.0,19.3,28.6,61.8
2008,Vic,Independent,Persons,72753.8,18.9,28.4,61.8
2008,Qld,Government,Male,87306.3,63.2,19.2,35.3
2008,Qld,Government,Female,84810.0,61.9,19.3,36.2
2008,Qld,Government,Persons,172116.3,62.6,19.2,35.7
2008,Qld,Catholic,Male,25522.2,18.5,16.4,40.5
2008,Qld,Catholic,Female,25938.9,18.9,16.2,42.1
2008,Qld,Catholic,Persons,51461.1,18.7,16.3,41.3
2008,Qld,Independent,Male,25240.7,18.3,19.8,49.8
2008,Qld,Independent,Female,26200.3,19.1,20.3,51.0
2008,Qld,Independent,Persons,51441.0,18.7,20.1,50.4
2008,SA,Government,Male,30433.8,61.9,6.7,35.8
2008,SA,Government,Female,29782.0,60.5,6.8,37.0
2008,SA,Government,Persons,60215.8,61.2,6.7,36.4
2008,SA,Catholic,Male,9233.5,18.8,5.9,39.6
2008,SA,Catholic,Female,9803.4,19.9,6.1,41.3
2008,SA,Catholic,Persons,19036.9,19.3,6.0,40.5
2008,SA,Independent,Male,9497.4,19.3,7.5,44.9
2008,SA,Independent,Female,9650.3,19.6,7.5,45.5
2008,SA,Independent,Persons,19147.7,19.5,7.5,45.2
2008,WA,Government,Male,41580.8,60.1,9.1,34.7
2008,WA,Government,Female,39015.2,57.6,8.9,35.0
2008,WA,Government,Persons,80596.0,58.9,9.0,34.8
2008,WA,Catholic,Male,13544.4,19.6,8.7,42.3
2008,WA,Catholic,Female,14126.0,20.9,8.8,43.6
2008,WA,Catholic,Persons,27670.4,20.2,8.7,43.0
2008,WA,Independent,Male,14098.4,20.4,11.1,52.1
2008,WA,Independent,Female,14539.6,21.5,11.3,53.0
2008,WA,Independent,Persons,28638.0,20.9,11.2,52.6
2008,Tas,Government,Male,12855.2,68.3,2.8,42.5
2008,Tas,Government,Female,12805.8,67.9,2.9,44.3
2008,Tas,Government,Persons,25661.0,68.1,2.9,43.4
2008,Tas,Catholic,Male,3202.5,17.0,2.1,46.7
2008,Tas,Catholic,Female,3499.9,18.6,2.2,48.5
2008,Tas,Catholic,Persons,6702.4,17.8,2.1,47.6
2008,Tas,Independent,Male,2776.4,14.7,2.2,58.3
2008,Tas,Independent,Female,2546.9,13.5,2.0,56.6
2008,Tas,Independent,Persons,5323.3,14.1,2.1,57.5
2008,NT,Government,Male,5583.6,69.3,1.2,36.8
2008,NT,Government,Female,5261.7,67.5,1.2,37.2
2008,NT,Government,Persons,10845.3,68.4,1.2,37.0
2008,NT,Catholic,Male,1047.0,13.0,0.7,43.3
2008,NT,Catholic,Female,1036.0,13.3,0.6,43.3
2008,NT,Catholic,Persons,2083.0,13.1,0.7,43.3
2008,NT,Independent,Male,1428.4,17.7,1.1,56.8
2008,NT,Independent,Female,1492.2,19.2,1.2,57.9
2008,NT,Independent,Persons,2920.6,18.4,1.1,57.3
2008,ACT,Government,Male,7960.0,54.8,1.7,45.9
2008,ACT,Government,Female,7522.0,54.1,1.7,45.1
2008,ACT,Government,Persons,15482.0,54.4,1.7,45.5
2008,ACT,Catholic,Male,4332.0,29.8,2.8,48.8
2008,ACT,Catholic,Female,4123.8,29.6,2.6,49.1
2008,ACT,Catholic,Persons,8455.8,29.7,2.7,48.9
2008,ACT,Independent,Male,2242.3,15.4,1.8,56.6
2008,ACT,Independent,Female,2266.0,16.3,1.8,56.8
2008,ACT,Independent,Persons,4508.3,15.8,1.8,56.7
2007,NSW,Government,Male,155411.1,62.7,34.1,41.1
2007,NSW,Government,Female,151606.6,62.2,34.5,42.0
2007,NSW,Government,Persons,307017.7,62.4,34.3,41.6
2007,NSW,Catholic,Male,57170.0,23.0,37.1,47.4
2007,NSW,Catholic,Female,57396.1,23.5,36.2,48.3
2007,NSW,Catholic,Persons,114566.1,23.3,36.6,47.8
2007,NSW,Independent,Male,35474.0,14.3,28.8,52.9
2007,NSW,Independent,Female,34903.4,14.3,27.9,53.5
2007,NSW,Independent,Persons,70377.4,14.3,28.3,53.2
2007,Vic,Government,Male,115287.3,60.2,25.3,41.6
2007,Vic,Government,Female,110195.4,58.0,25.1,42.4
2007,Vic,Government,Persons,225482.7,59.1,25.2,42.0
2007,Vic,Catholic,Male,41276.6,21.6,26.8,45.3
2007,Vic,Catholic,Female,43834.4,23.1,27.7,47.2
2007,Vic,Catholic,Persons,85111.0,22.3,27.2,46.3
2007,Vic,Independent,Male,34954.4,18.3,28.4,62.0
2007,Vic,Independent,Female,36017.8,19.0,28.8,62.1
2007,Vic,Independent,Persons,70972.2,18.6,28.6,62.0
2007,Qld,Government,Male,87236.4,64.0,19.2,35.3
2007,Qld,Government,Female,84111.9,62.5,19.1,36.0
2007,Qld,Government,Persons,171348.3,63.2,19.1,35.6
2007,Qld,Catholic,Male,24993.3,18.3,16.2,40.6
2007,Qld,Catholic,Female,25262.0,18.8,15.9,42.0
2007,Qld,Catholic,Persons,50255.3,18.5,16.1,41.3
2007,Qld,Independent,Male,24178.1,17.7,19.6,49.9
2007,Qld,Independent,Female,25268.6,18.8,20.2,51.5
2007,Qld,Independent,Persons,49446.7,18.2,19.9,50.7
2007,SA,Government,Male,30749.3,62.8,6.8,35.8
2007,SA,Government,Female,29750.7,61.1,6.8,36.7
2007,SA,Government,Persons,60500.0,62.0,6.8,36.3
2007,SA,Catholic,Male,9071.3,18.5,5.9,39.3
2007,SA,Catholic,Female,9658.9,19.9,6.1,40.9
2007,SA,Catholic,Persons,18730.2,19.2,6.0,40.1
2007,SA,Independent,Male,9161.1,18.7,7.4,44.3
2007,SA,Independent,Female,9244.2,19.0,7.4,45.1
2007,SA,Independent,Persons,18405.3,18.9,7.4,44.7
2007,WA,Government,Male,40924.2,60.4,9.0,34.4
2007,WA,Government,Female,39038.2,58.4,8.9,35.1
2007,WA,Government,Persons,79962.4,59.4,8.9,34.7
2007,WA,Catholic,Male,13365.0,19.7,8.7,42.2
2007,WA,Catholic,Female,14022.1,21.0,8.8,43.8
2007,WA,Catholic,Persons,27387.1,20.3,8.8,43.0
2007,WA,Independent,Male,13423.0,19.8,10.9,52.4
2007,WA,Independent,Female,13821.4,20.7,11.0,53.4
2007,WA,Independent,Persons,27244.4,20.2,11.0,52.9
2007,Tas,Government,Male,12985.6,68.8,2.9,42.5
2007,Tas,Government,Female,12993.3,68.7,3.0,44.3
2007,Tas,Government,Persons,25978.9,68.7,2.9,43.4
2007,Tas,Catholic,Male,3194.0,16.9,2.1,46.8
2007,Tas,Catholic,Female,3398.0,18.0,2.1,48.1
2007,Tas,Catholic,Persons,6592.0,17.4,2.1,47.5
2007,Tas,Independent,Male,2687.2,14.2,2.2,58.0
2007,Tas,Independent,Female,2535.0,13.4,2.0,57.2
2007,Tas,Independent,Persons,5222.2,13.8,2.1,57.6
2007,NT,Government,Male,4480.6,69.7,1.0,29.7
2007,NT,Government,Female,4333.1,68.5,1.0,30.7
2007,NT,Government,Persons,8813.7,69.1,1.0,30.1
2007,NT,Catholic,Male,824.4,12.8,0.5,35.0
2007,NT,Catholic,Female,822.0,13.0,0.5,35.1
2007,NT,Catholic,Persons,1646.4,12.9,0.5,35.1
2007,NT,Independent,Male,1122.3,17.5,0.9,47.9
2007,NT,Independent,Female,1174.5,18.6,0.9,50.3
2007,NT,Independent,Persons,2296.8,18.0,0.9,49.1
2007,ACT,Government,Male,8059.1,55.3,1.8,45.6
2007,ACT,Government,Female,7718.0,54.9,1.8,45.5
2007,ACT,Government,Persons,15777.1,55.1,1.8,45.5
2007,ACT,Catholic,Male,4346.0,29.8,2.8,49.2
2007,ACT,Catholic,Female,4125.0,29.4,2.6,48.8
2007,ACT,Catholic,Persons,8471.0,29.6,2.7,49.0
2007,ACT,Independent,Male,2169.4,14.9,1.8,57.6
2007,ACT,Independent,Female,2204.9,15.7,1.8,58.2
2007,ACT,Independent,Persons,4374.3,15.3,1.8,57.9
2006,NSW,Government,Male,154861.3,62.7,34.2,40.9
2006,NSW,Government,Female,151187.7,62.2,34.5,41.8
2006,NSW,Government,Persons,306049.0,62.5,34.4,41.3
2006,NSW,Catholic,Male,57226.2,23.2,37.6,47.5
2006,NSW,Catholic,Female,57254.7,23.6,36.6,48.2
2006,NSW,Catholic,Persons,114480.9,23.4,37.1,47.8
2006,NSW,Independent,Male,34960.9,14.2,29.1,52.9
2006,NSW,Independent,Female,34495.6,14.2,28.3,53.6
2006,NSW,Independent,Persons,69456.5,14.2,28.7,53.2
2006,Vic,Government,Male,114607.1,60.5,25.3,41.4
2006,Vic,Government,Female,110071.7,58.5,25.1,42.2
2006,Vic,Government,Persons,224678.8,59.5,25.2,41.8
2006,Vic,Catholic,Male,40584.1,21.4,26.7,44.8
2006,Vic,Catholic,Female,43325.5,23.0,27.7,47.0
2006,Vic,Catholic,Persons,83909.6,22.2,27.2,45.9
2006,Vic,Independent,Male,34216.4,18.1,28.4,61.9
2006,Vic,Independent,Female,34711.1,18.5,28.4,61.9
2006,Vic,Independent,Persons,68927.5,18.3,28.4,61.9
2006,Qld,Government,Male,85178.4,64.1,18.8,36.4
2006,Qld,Government,Female,82781.1,62.7,18.9,37.2
2006,Qld,Government,Persons,167959.5,63.4,18.9,36.8
2006,Qld,Catholic,Male,24207.4,18.2,15.9,42.4
2006,Qld,Catholic,Female,24544.9,18.6,15.7,43.7
2006,Qld,Catholic,Persons,48752.3,18.4,15.8,43.1
2006,Qld,Independent,Male,23401.6,17.6,19.4,52.8
2006,Qld,Independent,Female,24622.6,18.7,20.2,54.3
2006,Qld,Independent,Persons,48024.2,18.1,19.8,53.6
2006,SA,Government,Male,30514.8,63.3,6.7,35.6
2006,SA,Government,Female,29475.8,61.3,6.7,36.4
2006,SA,Government,Persons,59990.6,62.3,6.7,36.0
2006,SA,Catholic,Male,8906.3,18.5,5.9,39.1
2006,SA,Catholic,Female,9543.4,19.9,6.1,40.7
2006,SA,Catholic,Persons,18449.7,19.2,6.0,39.9
2006,SA,Independent,Male,8815.5,18.3,7.3,44.0
2006,SA,Independent,Female,9054.8,18.8,7.4,45.0
2006,SA,Independent,Persons,17870.3,18.6,7.4,44.5
2006,WA,Government,Male,41432.7,61.3,9.2,34.5
2006,WA,Government,Female,39457.8,59.3,9.0,35.6
2006,WA,Government,Persons,80890.5,60.3,9.1,35.0
2006,WA,Catholic,Male,13085.0,19.4,8.6,41.9
2006,WA,Catholic,Female,13594.0,20.4,8.7,43.0
2006,WA,Catholic,Persons,26679.0,19.9,8.6,42.5
2006,WA,Independent,Male,13102.5,19.4,10.9,52.9
2006,WA,Independent,Female,13467.2,20.2,11.0,53.8
2006,WA,Independent,Persons,26569.7,19.8,11.0,53.3
2006,Tas,Government,Male,12925.6,69.3,2.9,41.7
2006,Tas,Government,Female,13209.6,69.4,3.0,44.1
2006,Tas,Government,Persons,26135.2,69.4,2.9,42.9
2006,Tas,Catholic,Male,3110.0,16.7,2.0,46.7
2006,Tas,Catholic,Female,3345.0,17.6,2.1,47.6
2006,Tas,Catholic,Persons,6455.0,17.1,2.1,47.2
2006,Tas,Independent,Male,2603.2,14.0,2.2,58.1
2006,Tas,Independent,Female,2480.8,13.0,2.0,57.7
2006,Tas,Independent,Persons,5084.0,13.5,2.1,57.9
2006,NT,Government,Male,4646.2,71.1,1.0,31.0
2006,NT,Government,Female,4396.7,69.7,1.0,31.5
2006,NT,Government,Persons,9042.9,70.4,1.0,31.2
2006,NT,Catholic,Male,760.0,11.6,0.5,33.9
2006,NT,Catholic,Female,777.0,12.3,0.5,34.7
2006,NT,Catholic,Persons,1537.0,12.0,0.5,34.3
2006,NT,Independent,Male,1124.3,17.2,0.9,47.9
2006,NT,Independent,Female,1133.7,18.0,0.9,50.2
2006,NT,Independent,Persons,2258.0,17.6,0.9,49.0
2006,ACT,Government,Male,8136.8,55.9,1.8,45.4
2006,ACT,Government,Female,7761.6,55.3,1.8,45.2
2006,ACT,Government,Persons,15898.4,55.6,1.8,45.3
2006,ACT,Catholic,Male,4318.0,29.6,2.8,49.1
2006,ACT,Catholic,Female,4169.6,29.7,2.7,49.6
2006,ACT,Catholic,Persons,8487.6,29.7,2.7,49.3
2006,ACT,Independent,Male,2110.2,14.5,1.8,57.1
2006,ACT,Independent,Female,2098.2,15.0,1.7,57.8
2006,ACT,Independent,Persons,4208.4,14.7,1.7,57.5
2005,NSW,Government,Male,154092.2,62.8,34.4,40.6
2005,NSW,Government,Female,150935.1,62.5,34.6,41.6
2005,NSW,Government,Persons,305027.3,62.6,34.5,41.1
2005,NSW,Catholic,Male,56904.4,23.2,37.9,47.2
2005,NSW,Catholic,Female,56883.1,23.5,36.9,47.9
2005,NSW,Catholic,Persons,113787.5,23.4,37.4,47.5
2005,NSW,Independent,Male,34364.3,14.0,29.2,52.9
2005,NSW,Independent,Female,33864.9,14.0,28.5,53.6
2005,NSW,Independent,Persons,68229.2,14.0,28.9,53.2
2005,Vic,Government,Male,113544.7,60.8,25.3,41.0
2005,Vic,Government,Female,109735.4,59.0,25.1,42.0
2005,Vic,Government,Persons,223280.1,59.9,25.2,41.5
2005,Vic,Catholic,Male,39773.8,21.3,26.5,44.3
2005,Vic,Catholic,Female,42611.4,22.9,27.6,46.7
2005,Vic,Catholic,Persons,82385.2,22.1,27.1,45.5
2005,Vic,Independent,Male,33582.8,18.0,28.5,62.1
2005,Vic,Independent,Female,33728.4,18.1,28.4,61.8
2005,Vic,Independent,Persons,67311.2,18.0,28.5,62.0
2005,Qld,Government,Male,83235.7,64.2,18.6,36.0
2005,Qld,Government,Female,81829.8,63.2,18.7,37.0
2005,Qld,Government,Persons,165065.5,63.7,18.7,36.5
2005,Qld,Catholic,Male,23546.6,18.2,15.7,42.3
2005,Qld,Catholic,Female,23722.6,18.3,15.4,43.7
2005,Qld,Catholic,Persons,47269.2,18.2,15.5,43.0
2005,Qld,Independent,Male,22904.2,17.7,19.4,53.4
2005,Qld,Independent,Female,23867.8,18.4,20.1,54.7
2005,Qld,Independent,Persons,46772.0,18.1,19.8,54.0
2005,SA,Government,Male,30619.4,63.9,6.8,35.4
2005,SA,Government,Female,29438.3,62.1,6.7,36.3
2005,SA,Government,Persons,60057.7,63.0,6.8,35.8
2005,SA,Catholic,Male,8749.6,18.3,5.8,38.5
2005,SA,Catholic,Female,9340.0,19.7,6.1,40.2
2005,SA,Catholic,Persons,18089.6,19.0,5.9,39.4
2005,SA,Independent,Male,8550.5,17.8,7.3,43.8
2005,SA,Independent,Female,8621.5,18.2,7.3,44.1
2005,SA,Independent,Persons,17172.0,18.0,7.3,44.0
2005,WA,Government,Male,40754.9,61.2,9.1,34.3
2005,WA,Government,Female,39060.5,59.7,8.9,35.4
2005,WA,Government,Persons,79815.4,60.5,9.0,34.8
2005,WA,Catholic,Male,13107.0,19.7,8.7,42.1
2005,WA,Catholic,Female,13348.3,20.4,8.7,42.9
2005,WA,Catholic,Persons,26455.3,20.0,8.7,42.5
2005,WA,Independent,Male,12691.8,19.1,10.8,53.5
2005,WA,Independent,Female,13066.5,20.0,11.0,54.8
2005,WA,Independent,Persons,25758.3,19.5,10.9,54.2
2005,Tas,Government,Male,12875.6,69.6,2.9,41.2
2005,Tas,Government,Female,13403.8,70.5,3.1,44.1
2005,Tas,Government,Persons,26279.4,70.0,3.0,42.6
2005,Tas,Catholic,Male,3085.4,16.7,2.1,47.3
2005,Tas,Catholic,Female,3206.0,16.9,2.1,47.6
2005,Tas,Catholic,Persons,6291.4,16.8,2.1,47.4
2005,Tas,Independent,Male,2539.8,13.7,2.2,57.4
2005,Tas,Independent,Female,2416.0,12.7,2.0,57.2
2005,Tas,Independent,Persons,4955.8,13.2,2.1,57.3
2005,NT,Government,Male,4665.9,72.3,1.0,31.0
2005,NT,Government,Female,4414.4,69.8,1.0,31.6
2005,NT,Government,Persons,9080.3,71.0,1.0,31.3
2005,NT,Catholic,Male,692.4,10.7,0.5,30.8
2005,NT,Catholic,Female,790.1,12.5,0.5,35.3
2005,NT,Catholic,Persons,1482.5,11.6,0.5,33.1
2005,NT,Independent,Male,1097.0,17.0,0.9,50.6
2005,NT,Independent,Female,1123.0,17.7,0.9,51.5
2005,NT,Independent,Persons,2220.0,17.4,0.9,51.0
2005,ACT,Government,Male,8181.1,56.2,1.8,45.3
2005,ACT,Government,Female,7802.7,55.6,1.8,45.0
2005,ACT,Government,Persons,15983.8,55.9,1.8,45.1
2005,ACT,Catholic,Male,4325.0,29.7,2.9,49.4
2005,ACT,Catholic,Female,4225.6,30.1,2.7,50.0
2005,ACT,Catholic,Persons,8550.6,29.9,2.8,49.7
2005,ACT,Independent,Male,2058.0,14.1,1.7,56.7
2005,ACT,Independent,Female,2005.0,14.3,1.7,56.5
2005,ACT,Independent,Persons,4063.0,14.2,1.7,56.6
2004,NSW,Government,Male,154190.5,63.2,34.5,40.5
2004,NSW,Government,Female,151008.1,62.8,34.8,41.4
2004,NSW,Government,Persons,305198.6,63.0,34.6,40.9
2004,NSW,Catholic,Male,56420.5,23.1,38.1,47.0
2004,NSW,Catholic,Female,56407.2,23.5,37.2,47.7
2004,NSW,Catholic,Persons,112827.7,23.3,37.7,47.4
2004,NSW,Independent,Male,33454.6,13.7,29.2,52.9
2004,NSW,Independent,Female,33003.3,13.7,28.7,53.6
2004,NSW,Independent,Persons,66457.9,13.7,28.9,53.2
2004,Vic,Government,Male,112881.1,61.1,25.3,40.8
2004,Vic,Government,Female,108722.5,59.2,25.0,41.7
2004,Vic,Government,Persons,221603.6,60.1,25.1,41.2
2004,Vic,Catholic,Male,39136.7,21.2,26.4,43.8
2004,Vic,Catholic,Female,41886.2,22.8,27.6,46.2
2004,Vic,Catholic,Persons,81022.9,22.0,27.0,45.0
2004,Vic,Independent,Male,32876.6,17.8,28.7,62.1
2004,Vic,Independent,Female,32986.6,18.0,28.6,61.9
2004,Vic,Independent,Persons,65863.2,17.9,28.7,62.0
2004,Qld,Government,Male,82581.2,64.5,18.5,35.8
2004,Qld,Government,Female,80187.7,63.5,18.5,36.4
2004,Qld,Government,Persons,162768.9,64.0,18.5,36.1
2004,Qld,Catholic,Male,23088.0,18.0,15.6,42.7
2004,Qld,Catholic,Female,23041.1,18.2,15.2,43.6
2004,Qld,Catholic,Persons,46129.1,18.1,15.4,43.1
2004,Qld,Independent,Male,22294.2,17.4,19.5,54.1
2004,Qld,Independent,Female,23031.1,18.2,20.0,54.8
2004,Qld,Independent,Persons,45325.3,17.8,19.7,54.4
2004,SA,Government,Male,30469.5,64.4,6.8,35.1
2004,SA,Government,Female,29807.1,63.1,6.9,36.3
2004,SA,Government,Persons,60276.6,63.8,6.8,35.7
2004,SA,Catholic,Male,8516.3,18.0,5.8,38.1
2004,SA,Catholic,Female,9132.8,19.3,6.0,39.9
2004,SA,Catholic,Persons,17649.1,18.7,5.9,39.0
2004,SA,Independent,Male,8335.4,17.6,7.3,44.2
2004,SA,Independent,Female,8271.9,17.5,7.2,43.9
2004,SA,Independent,Persons,16607.3,17.6,7.2,44.0
2004,WA,Government,Male,40888.8,62.1,9.2,34.2
2004,WA,Government,Female,39245.1,60.6,9.0,35.4
2004,WA,Government,Persons,80133.9,61.4,9.1,34.8
2004,WA,Catholic,Male,12865.0,19.5,8.7,42.2
2004,WA,Catholic,Female,12926.5,20.0,8.5,42.4
2004,WA,Catholic,Persons,25791.5,19.7,8.6,42.3
2004,WA,Independent,Male,12130.1,18.4,10.6,53.3
2004,WA,Independent,Female,12538.0,19.4,10.9,54.7
2004,WA,Independent,Persons,24668.1,18.9,10.7,54.0
2004,Tas,Government,Male,12882.7,70.0,2.9,40.9
2004,Tas,Government,Female,13401.2,70.7,3.1,43.7
2004,Tas,Government,Persons,26283.9,70.3,3.0,42.3
2004,Tas,Catholic,Male,3038.0,16.5,2.1,47.8
2004,Tas,Catholic,Female,3212.0,16.9,2.1,48.0
2004,Tas,Catholic,Persons,6250.0,16.7,2.1,47.9
2004,Tas,Independent,Male,2487.1,13.5,2.2,56.5
2004,Tas,Independent,Female,2352.5,12.4,2.0,56.8
2004,Tas,Independent,Persons,4839.6,12.9,2.1,56.6
2004,NT,Government,Male,4637.8,72.5,1.0,31.0
2004,NT,Government,Female,4318.6,70.3,1.0,31.2
2004,NT,Government,Persons,8956.4,71.4,1.0,31.1
2004,NT,Catholic,Male,712.7,11.1,0.5,30.6
2004,NT,Catholic,Female,780.0,12.7,0.5,34.1
2004,NT,Catholic,Persons,1492.7,11.9,0.5,32.3
2004,NT,Independent,Male,1048.4,16.4,0.9,50.8
2004,NT,Independent,Female,1045.8,17.0,0.9,51.4
2004,NT,Independent,Persons,2094.2,16.7,0.9,51.1
2004,ACT,Government,Male,8265.4,57.1,1.8,44.9
2004,ACT,Government,Female,7783.4,55.9,1.8,44.6
2004,ACT,Government,Persons,16048.8,56.5,1.8,44.7
2004,ACT,Catholic,Male,4266.0,29.5,2.9,48.6
2004,ACT,Catholic,Female,4203.9,30.2,2.8,49.9
2004,ACT,Catholic,Persons,8469.9,29.8,2.8,49.3
2004,ACT,Independent,Male,1950.1,13.5,1.7,56.8
2004,ACT,Independent,Female,1938.6,13.9,1.7,56.9
2004,ACT,Independent,Persons,3888.7,13.7,1.7,56.9
2003,NSW,Government,Male,154877.6,63.7,34.7,40.3
2003,NSW,Government,Female,151453.4,63.3,34.9,41.3
2003,NSW,Government,Persons,306331.0,63.5,34.8,40.8
2003,NSW,Catholic,Male,55732.5,22.9,38.1,46.9
2003,NSW,Catholic,Female,55914.9,23.4,37.4,47.5
2003,NSW,Catholic,Persons,111647.4,23.1,37.8,47.2
2003,NSW,Independent,Male,32396.2,13.3,29.0,52.8
2003,NSW,Independent,Female,32018.9,13.4,28.6,53.7
2003,NSW,Independent,Persons,64415.1,13.4,28.8,53.2
2003,Vic,Government,Male,112204.5,61.3,25.1,40.6
2003,Vic,Government,Female,108245.3,59.4,24.9,41.5
2003,Vic,Government,Persons,220449.8,60.4,25.0,41.0
2003,Vic,Catholic,Male,38701.3,21.1,26.5,43.3
2003,Vic,Catholic,Female,41508.0,22.8,27.8,45.8
2003,Vic,Catholic,Persons,80209.3,22.0,27.1,44.6
2003,Vic,Independent,Male,32151.1,17.6,28.8,61.9
2003,Vic,Independent,Female,32458.2,17.8,29.0,62.3
2003,Vic,Independent,Persons,64609.3,17.7,28.9,62.1
2003,Qld,Government,Male,81475.8,64.6,18.2,35.6
2003,Qld,Government,Female,79001.1,63.9,18.2,36.2
2003,Qld,Government,Persons,160476.9,64.3,18.2,35.9
2003,Qld,Catholic,Male,22834.1,18.1,15.6,43.1
2003,Qld,Catholic,Female,22491.9,18.2,15.0,43.6
2003,Qld,Catholic,Persons,45326.0,18.2,15.3,43.3
2003,Qld,Independent,Male,21849.1,17.3,19.6,54.6
2003,Qld,Independent,Female,22072.1,17.9,19.7,54.9
2003,Qld,Independent,Persons,43921.2,17.6,19.7,54.7
2003,SA,Government,Male,30718.4,65.2,6.9,34.9
2003,SA,Government,Female,30059.8,63.8,6.9,36.2
2003,SA,Government,Persons,60778.2,64.5,6.9,35.5
2003,SA,Catholic,Male,8365.0,17.7,5.7,37.9
2003,SA,Catholic,Female,8966.4,19.0,6.0,39.7
2003,SA,Catholic,Persons,17331.4,18.4,5.9,38.8
2003,SA,Independent,Male,8059.3,17.1,7.2,44.0
2003,SA,Independent,Female,8080.1,17.2,7.2,44.3
2003,SA,Independent,Persons,16139.4,17.1,7.2,44.2
2003,WA,Government,Male,41477.1,63.1,9.3,34.7
2003,WA,Government,Female,39557.0,61.6,9.1,35.5
2003,WA,Government,Persons,81034.1,62.4,9.2,35.1
2003,WA,Catholic,Male,12593.7,19.2,8.6,41.7
2003,WA,Catholic,Female,12623.5,19.7,8.4,42.2
2003,WA,Catholic,Persons,25217.2,19.4,8.5,41.9
2003,WA,Independent,Male,11689.3,17.8,10.5,53.4
2003,WA,Independent,Female,12022.3,18.7,10.8,54.5
2003,WA,Independent,Persons,23711.6,18.2,10.6,54.0
2003,Tas,Government,Male,13031.2,70.3,2.9,41.2
2003,Tas,Government,Female,13559.9,71.4,3.1,43.9
2003,Tas,Government,Persons,26591.1,70.9,3.0,42.5
2003,Tas,Catholic,Male,3022.3,16.3,2.1,48.1
2003,Tas,Catholic,Female,3141.0,16.5,2.1,48.0
2003,Tas,Catholic,Persons,6163.3,16.4,2.1,48.0
2003,Tas,Independent,Male,2478.7,13.4,2.2,57.1
2003,Tas,Independent,Female,2278.9,12.0,2.0,56.1
2003,Tas,Independent,Persons,4757.6,12.7,2.1,56.6
2003,NT,Government,Male,4373.2,71.7,1.0,29.6
2003,NT,Government,Female,4321.7,71.6,1.0,30.7
2003,NT,Government,Persons,8694.9,71.6,1.0,30.1
2003,NT,Catholic,Male,685.8,11.2,0.5,29.1
2003,NT,Catholic,Female,728.6,12.1,0.5,31.5
2003,NT,Catholic,Persons,1414.4,11.7,0.5,30.3
2003,NT,Independent,Male,1042.1,17.1,0.9,53.0
2003,NT,Independent,Female,987.6,16.4,0.9,51.5
2003,NT,Independent,Persons,2029.7,16.7,0.9,52.2
2003,ACT,Government,Male,8339.4,57.6,1.9,44.4
2003,ACT,Government,Female,7973.8,56.9,1.8,44.6
2003,ACT,Government,Persons,16313.2,57.3,1.9,44.5
2003,ACT,Catholic,Male,4237.0,29.3,2.9,48.4
2003,ACT,Catholic,Female,4196.1,29.9,2.8,50.1
2003,ACT,Catholic,Persons,8433.1,29.6,2.9,49.2
2003,ACT,Independent,Male,1893.6,13.1,1.7,58.3
2003,ACT,Independent,Female,1843.7,13.2,1.6,56.4
2003,ACT,Independent,Persons,3737.3,13.1,1.7,57.3
2002,NSW,Government,Male,154122.0,64.3,34.7,39.9
2002,NSW,Government,Female,151196.0,63.8,34.9,41.0
2002,NSW,Government,Persons,305318.0,64.0,34.8,40.5
2002,NSW,Catholic,Male,54947.5,22.9,38.1,46.4
2002,NSW,Catholic,Female,55291.2,23.3,37.6,47.2
2002,NSW,Catholic,Persons,110238.7,23.1,37.8,46.8
2002,NSW,Independent,Male,30768.4,12.8,28.8,52.5
2002,NSW,Independent,Female,30410.6,12.8,28.3,53.2
2002,NSW,Independent,Persons,61179.0,12.8,28.6,52.8
2002,Vic,Government,Male,110842.9,61.6,25.0,40.3
2002,Vic,Government,Female,107305.1,59.8,24.8,41.3
2002,Vic,Government,Persons,218148.0,60.7,24.9,40.8
2002,Vic,Catholic,Male,38229.5,21.2,26.5,42.7
2002,Vic,Catholic,Female,40972.4,22.8,27.8,45.0
2002,Vic,Catholic,Persons,79201.9,22.0,27.2,43.8
2002,Vic,Independent,Male,30976.4,17.2,29.0,61.5
2002,Vic,Independent,Female,31254.8,17.4,29.1,62.0
2002,Vic,Independent,Persons,62231.2,17.3,29.0,61.8
2002,Qld,Government,Male,79561.3,64.5,17.9,35.2
2002,Qld,Government,Female,77843.7,64.3,18.0,36.1
2002,Qld,Government,Persons,157405.0,64.4,18.0,35.6
2002,Qld,Catholic,Male,22585.4,18.3,15.7,43.2
2002,Qld,Catholic,Female,21954.9,18.1,14.9,43.4
2002,Qld,Catholic,Persons,44540.3,18.2,15.3,43.3
2002,Qld,Independent,Male,21186.6,17.2,19.8,55.3
2002,Qld,Independent,Female,21320.5,17.6,19.9,55.5
2002,Qld,Independent,Persons,42507.1,17.4,19.8,55.4
2002,SA,Government,Male,30941.3,65.9,7.0,34.8
2002,SA,Government,Female,30274.6,64.6,7.0,35.9
2002,SA,Government,Persons,61215.9,65.3,7.0,35.3
2002,SA,Catholic,Male,8154.3,17.4,5.7,37.9
2002,SA,Catholic,Female,8753.5,18.7,5.9,39.8
2002,SA,Catholic,Persons,16907.8,18.0,5.8,38.9
2002,SA,Independent,Male,7858.9,16.7,7.3,43.9
2002,SA,Independent,Female,7829.0,16.7,7.3,44.5
2002,SA,Independent,Persons,15687.9,16.7,7.3,44.2
2002,WA,Government,Male,42437.1,64.4,9.6,35.0
2002,WA,Government,Female,40563.9,63.1,9.4,35.8
2002,WA,Government,Persons,83001.0,63.7,9.5,35.4
2002,WA,Catholic,Male,12366.0,18.8,8.6,41.1
2002,WA,Catholic,Female,12270.6,19.1,8.3,41.5
2002,WA,Catholic,Persons,24636.6,18.9,8.5,41.3
2002,WA,Independent,Male,11095.2,16.8,10.4,53.0
2002,WA,Independent,Female,11501.0,17.9,10.7,54.2
2002,WA,Independent,Persons,22596.2,17.4,10.5,53.6
2002,Tas,Government,Male,13130.0,71.3,3.0,41.1
2002,Tas,Government,Female,13511.8,71.9,3.1,43.6
2002,Tas,Government,Persons,26641.8,71.6,3.0,42.3
2002,Tas,Catholic,Male,2962.2,16.1,2.1,47.3
2002,Tas,Catholic,Female,3072.8,16.4,2.1,46.7
2002,Tas,Catholic,Persons,6035.0,16.2,2.1,46.9
2002,Tas,Independent,Male,2330.1,12.6,2.2,56.2
2002,Tas,Independent,Female,2200.7,11.7,2.1,55.8
2002,Tas,Independent,Persons,4530.8,12.2,2.1,56.0
2002,NT,Government,Male,4293.0,72.4,1.0,29.2
2002,NT,Government,Female,4103.7,70.8,0.9,29.4
2002,NT,Government,Persons,8396.7,71.6,1.0,29.3
2002,NT,Catholic,Male,684.3,11.5,0.5,28.5
2002,NT,Catholic,Female,708.1,12.2,0.5,29.3
2002,NT,Catholic,Persons,1392.4,11.9,0.5,28.9
2002,NT,Independent,Male,952.3,16.1,0.9,51.1
2002,NT,Independent,Female,985.6,17.0,0.9,54.0
2002,NT,Independent,Persons,1937.9,16.5,0.9,52.5
2002,ACT,Government,Male,8363.0,57.9,1.9,43.7
2002,ACT,Government,Female,7997.0,57.5,1.8,44.0
2002,ACT,Government,Persons,16360.0,57.7,1.9,43.9
2002,ACT,Catholic,Male,4255.0,29.5,3.0,48.4
2002,ACT,Catholic,Female,4138.5,29.8,2.8,49.3
2002,ACT,Catholic,Persons,8393.5,29.6,2.9,48.8
2002,ACT,Independent,Male,1819.9,12.6,1.7,58.9
2002,ACT,Independent,Female,1768.5,12.7,1.6,57.2
2002,ACT,Independent,Persons,3588.4,12.7,1.7,58.0
2001,NSW,Government,Male,153247.5,64.8,34.7,39.7
2001,NSW,Government,Female,150866.8,64.4,34.8,40.7
2001,NSW,Government,Persons,304114.3,64.6,34.8,40.2
2001,NSW,Catholic,Male,54058.7,22.9,38.0,46.0
2001,NSW,Catholic,Female,54272.0,23.2,37.4,46.8
2001,NSW,Catholic,Persons,108330.7,23.0,37.7,46.4
2001,NSW,Independent,Male,29173.8,12.3,28.4,52.0
2001,NSW,Independent,Female,28962.4,12.4,28.1,53.0
2001,NSW,Independent,Persons,58136.2,12.4,28.3,52.5
2001,Vic,Government,Male,110850.6,62.1,25.1,40.5
2001,Vic,Government,Female,107984.0,60.5,24.9,41.5
2001,Vic,Government,Persons,218834.6,61.3,25.0,41.0
2001,Vic,Catholic,Male,37781.7,21.2,26.6,42.3
2001,Vic,Catholic,Female,40497.2,22.7,27.9,44.6
2001,Vic,Catholic,Persons,78278.9,21.9,27.3,43.5
2001,Vic,Independent,Male,29924.4,16.8,29.1,61.6
2001,Vic,Independent,Female,30073.6,16.8,29.2,61.8
2001,Vic,Independent,Persons,59998.0,16.8,29.2,61.7
2001,Qld,Government,Male,78167.9,64.5,17.7,34.9
2001,Qld,Government,Female,76364.8,64.2,17.6,35.8
2001,Qld,Government,Persons,154532.7,64.4,17.7,35.4
2001,Qld,Catholic,Male,22416.8,18.5,15.8,43.4
2001,Qld,Catholic,Female,21765.0,18.3,15.0,43.5
2001,Qld,Catholic,Persons,44181.8,18.4,15.4,43.4
2001,Qld,Independent,Male,20574.1,17.0,20.0,55.5
2001,Qld,Independent,Female,20804.3,17.5,20.2,56.2
2001,Qld,Independent,Persons,41378.4,17.2,20.1,55.8
2001,SA,Government,Male,31119.7,66.7,7.0,34.4
2001,SA,Government,Female,30815.0,65.6,7.1,35.9
2001,SA,Government,Persons,61934.7,66.2,7.1,35.1
2001,SA,Catholic,Male,8021.5,17.2,5.6,37.9
2001,SA,Catholic,Female,8517.3,18.1,5.9,39.9
2001,SA,Catholic,Persons,16538.8,17.7,5.8,38.9
2001,SA,Independent,Male,7533.0,16.1,7.3,43.7
2001,SA,Independent,Female,7619.0,16.2,7.4,44.5
2001,SA,Independent,Persons,15152.0,16.2,7.4,44.1
2001,WA,Government,Male,42222.4,65.1,9.6,36.4
2001,WA,Government,Female,40894.3,64.1,9.4,37.3
2001,WA,Government,Persons,83116.7,64.6,9.5,36.8
2001,WA,Catholic,Male,12149.0,18.7,8.5,42.8
2001,WA,Catholic,Female,12105.2,19.0,8.4,43.0
2001,WA,Catholic,Persons,24254.2,18.9,8.4,42.9
2001,WA,Independent,Male,10514.1,16.2,10.2,55.5
2001,WA,Independent,Female,10771.6,16.9,10.4,56.1
2001,WA,Independent,Persons,21285.7,16.5,10.3,55.8
2001,Tas,Government,Male,13229.5,71.8,3.0,41.2
2001,Tas,Government,Female,13830.3,72.6,3.2,44.0
2001,Tas,Government,Persons,27059.8,72.2,3.1,42.6
2001,Tas,Catholic,Male,2886.0,15.7,2.0,46.1
2001,Tas,Catholic,Female,3018.8,15.8,2.1,46.0
2001,Tas,Catholic,Persons,5904.8,15.8,2.1,46.0
2001,Tas,Independent,Male,2308.3,12.5,2.2,55.6
2001,Tas,Independent,Female,2198.9,11.5,2.1,55.9
2001,Tas,Independent,Persons,4507.2,12.0,2.2,55.7
2001,NT,Government,Male,4240.0,72.5,1.0,28.6
2001,NT,Government,Female,4122.5,71.3,1.0,29.1
2001,NT,Government,Persons,8362.5,71.9,1.0,28.9
2001,NT,Catholic,Male,713.8,12.2,0.5,28.3
2001,NT,Catholic,Female,705.3,12.2,0.5,28.6
2001,NT,Catholic,Persons,1419.1,12.2,0.5,28.4
2001,NT,Independent,Male,896.0,15.3,0.9,50.6
2001,NT,Independent,Female,955.4,16.5,0.9,55.1
2001,NT,Independent,Persons,1851.4,15.9,0.9,52.8
2001,ACT,Government,Male,8419.5,58.9,1.9,43.5
2001,ACT,Government,Female,8113.0,58.5,1.9,43.5
2001,ACT,Government,Persons,16532.5,58.7,1.9,43.5
2001,ACT,Catholic,Male,4114.0,28.8,2.9,47.5
2001,ACT,Catholic,Female,4038.6,29.1,2.8,49.0
2001,ACT,Catholic,Persons,8152.6,29.0,2.8,48.3
2001,ACT,Independent,Male,1751.0,12.3,1.7,59.5
2001,ACT,Independent,Female,1723.3,12.4,1.7,58.9
2001,ACT,Independent,Persons,3474.3,12.3,1.7,59.2
